word,event,period,sentence,timestamp
sigma,fanfic,after,"They are slay, sigma and skibidi.",2025-01-22T13:40:49Z
sigma,fanfic,after,What does sigma mean?,2025-01-22T13:40:49Z
sigma,fanfic,after,"If they are a strong and self-reliant lone wolf – but a cool lone wolf, whom lots of people like – then they are sigma.",2025-01-22T13:40:49Z
sigma,fanfic,after,A sigma follows their own rules.,2025-01-22T13:40:49Z
sigma,fanfic,after,"Also, if you see something good you can say it’s sigma (but you might be being sarcastic.",2025-01-22T13:40:49Z
sigma,fanfic,after,"Then there are words whose meanings fluctuate, like “sigma”, which can be a compliment or part of an expression of confusion, as in “What the sigma?” So if these words don’t have clear meanings, is there any point in saying them?",2025-10-30T11:00:56Z
sigma,fanfic,after,"In some quarters he is held up as being the ultimate “sigma male”, a masculine archetype who sits at the top of the food chain, yet also slightly outside it, refusing to conform to society’s rules like the typical alpha male.",2026-01-29T08:00:42Z
sigma,fanfic,after,"(It should be noted that Bateman isn’t really a sigma male, given he is driven by a relentless need to fit in.) The “sigma face” – a smug pout while simultaneously frowning, modelled on one of Bale’s expressions in the film – has become a huge meme.",2026-01-29T08:00:42Z
sigma,fanfic,after,It means Palace face a tie against either Bosnian side Zrinjski or Sigma Olomouc of the Czech Republic – a prospect that will at least give their fans the chance to notch up another country on their first European tour.,2025-12-18T22:03:16Z
sigma,fanfic,after,"On display at this year’s Rencontres d’Arles, Kawada’s seminal series The Map – created from his visits to Hiroshima and Nagasaki in the aftermath of the atomic bombings 80 years ago – forms the cornerstone of an exhibition shown in France for the first time by the Kyotographie festival team in collaboration with Sigma.",2025-07-23T06:00:44Z
sigma,fanfic,after,Fiona Shields visited at the invitation of Kyotographie and Sigma,2025-07-23T06:00:44Z
sigma,fanfic,after,You are that rarest of males – you are a sigma.,2024-06-12T09:00:19Z
sigma,fanfic,after,Either that or you’re a bemused bystander who has had a hard time avoiding content about sigma males and the “sigma grindset”.,2024-06-12T09:00:19Z
sigma,fanfic,after,"In the past few years, sigma masculinity has blown up.",2024-06-12T09:00:19Z
sigma,fanfic,after,"All of these and more have gone into the meme-culture blender when it comes to the sigma phenomenon, which could well be an indication of how deep it has seeped into the mainstream, and by extension into the minds of our impressionable, smartphone-addicted youth.",2024-06-12T09:00:19Z
sigma,fanfic,after,"Either way, YouTuber Lily Simpson probably summed it up best in a viral post on Twitter/X from January 2021 that helped put the whole thing into the mainstream: above four images of various permutations of sigma male content, it read: “What the fuck is going on with men?” Maybe it’s easiest to start with the wolves.",2024-06-12T09:00:19Z
sigma,fanfic,after,"The “sigma male” emerged from this primordial testosterone swamp largely thanks to a 55-year-old American science-fiction writer and publisher named Theodore Robert Beale, who blogs under the name Vox Day.",2024-06-12T09:00:19Z
sigma,fanfic,after,"“It’s basically a really simplistic, misguided and bio-determinist account of human behaviour, which doesn’t take into account the sociocultural construction of gender identity or the impact of economic and political forces on people’s choices or lack thereof.” But the appeal of this stuff to some men is understandable, Prof Ging says: “It’s pretty obvious that the whole manosphere project is deeply regressive and rooted in concocted nostalgia and the notion of a mythical past, and comes from a place of insecurity and anxiety about progress and relinquishing or sharing power.” These ideas remained largely confined to manosphere chatrooms and forums until about early 2021, around the time of Simpson’s tweet, when interest in, and content about, the sigma male suddenly skyrocketed.",2024-06-12T09:00:19Z
sigma,fanfic,after,"Beale cited Clint Eastwood’s movie persona as his prime example of a sigma, but online culture has found many more: Reeves’ John Wick, Cranston as Breaking Bad’s Walter White, Murphy’s Tommy Shelby from Peaky Blinders, Ryan Gosling in Drive, Brad Pitt in Fight Club, Joaquin Phoenix’s Joker, the evil superhero Homelander from The Boys, Mads Mikkelsen’s depiction of Hannibal Lecter … And then there’s Patrick Bateman, created by Bret Easton Ellis in his 1991 novel and later played by Bale in the 2000 movie American Psycho: a 1980s Wall Street banker who’s wealthy, gym-toned, well-dressed, woman-hating, terminally narcissistic and a delusional serial killer.",2024-06-12T09:00:19Z
sigma,fanfic,after,"Somehow, Bateman has become the arch-sigma, though he’s a curious choice of role model.",2024-06-12T09:00:19Z
sigma,fanfic,after,The overlapping of these strands gave birth to a new viral incarnation: the “sigma male grindset” – a set of motivational rules and maxims by which successful men supposedly live.,2024-06-12T09:00:19Z
sigma,fanfic,after,"(Wahlberg’s viral routine began at 2.30am and took in a 90-minute workout, breakfast, prayers and golf all before 8am.) Sigma content is now a fixture on social media.",2024-06-12T09:00:19Z
sigma,fanfic,after,On YouTube you’ll find innumerable videos along the lines of “14 signs that you’re a sigma” or “15 Things Women INSTANTLY Notice About Sigma Males” or “How to Become SIGMA Male – RAREST MALE TYPE” – most of them recycling the same pseudoscientific tropes.,2024-06-12T09:00:19Z
sigma,fanfic,after,"You’ll find annotated scenes from shows such as Peaky Blinders and Breaking Bad illustrating the familiar sociosexual hierarchy – “sigma male realising again how superior he is”, “omega woman crying because she can’t handle the sigma energy”.",2024-06-12T09:00:19Z
sigma,fanfic,after,"You’ll find motivational quotes by the likes of Elon Musk and Steve Jobs, lists of “sigma male grindset” rules, memes about how “if you’re aged 20-30 and your main circle isn’t discussing” stuff like real estate, committed relationships, fitness, etcetera, it’s time to “elevate your circle”.",2024-06-12T09:00:19Z
sigma,fanfic,after,There are “sigma male grindset” playlists on Spotify.,2024-06-12T09:00:19Z
sigma,fanfic,after,"There’s even a “sigma face” – an exaggerated “Oooh!” expression, in imitation of Bale during a scene from American Psycho – as modelled by social media stars like Mr Beast and Khaby Lame.",2024-06-12T09:00:19Z
sigma,fanfic,after,"There have been some attempts to get “sigma female” trending, but they have not really taken off in the same way.",2024-06-12T09:00:19Z
sigma,fanfic,after,"“One of the first things I would say if somebody was coming to me asking what a sigma male was, is ‘Don’t take it too seriously’,” says Don Caldwell, editor in chief of Know Your Meme, which tracks meme culture.",2024-06-12T09:00:19Z
sigma,fanfic,after,"“I’d say 90% of the time it’s being used ironically, in a joking fashion.” Almost as soon as the sigma male went viral in 2021, “people started to meme it, because they thought the concept was really funny and silly”, says Caldwell.",2024-06-12T09:00:19Z
sigma,fanfic,after,"When I ask a small sample of 15-year-olds what comes to mind when they hear the word “sigma”, the universal response is: “cringe”.",2024-06-12T09:00:19Z
sigma,fanfic,after,"“Like, if someone posted their workout video online you’d go, ‘Oh he’s being a sigma.’” They’ve mostly come to sigma content secondhand, after it’s been recycled and chopped up and folded into TikTok videos and the like.",2024-06-12T09:00:19Z
sigma,fanfic,after,"They’re familiar with sigma types like Bateman and Tate, but have no idea of the term’s manosphere roots or its original meaning.",2024-06-12T09:00:19Z
sigma,fanfic,after,"“You differentiate yourself by way of these mimetic innovations, so constantly coining neologisms, bending and transforming language and visuals.” This is what has happened with sigma, the teenagers say.",2024-06-12T09:00:19Z
sigma,fanfic,after,"Describing someone as “sigma” might be a compliment or an insult, depending on the context.",2024-06-12T09:00:19Z
sigma,fanfic,after,"They might say “that’s so sigma”, meaning something is broadly cool.",2024-06-12T09:00:19Z
sigma,fanfic,after,"The expression “What the sigma?” – derived from another viral meme – is in vogue, though by the time you read this, it will probably be passé.",2024-06-12T09:00:19Z
sigma,fanfic,after,"So “sigma grindset” will be mixed in with other overused meme slang like “skibidi toilet”, “rizz”, “only in Ohio”, to form an almost meaningless babble that’s a parody of online obscurantism and its logical conclusion: a language virtually no adult can make sense of.",2024-06-12T09:00:19Z
sigma,fanfic,after,Perhaps we don’t need to be as afraid of the big bad sigma wolf as we initially feared; the rest of the pack is doing fine without it.,2024-06-12T09:00:19Z
sigma,fanfic,after,"That’s the rightwing media narrative, full of emotions, but facts show hypocrisy on both sides.” It told another user that Tusk was a “sigma” and “a lone wolf that fears no one”.",2025-07-08T19:09:27Z
sigma,fanfic,after,It has been described as a five sigma event.,2025-06-27T11:00:53Z
sigma,fanfic,after,What is a five sigma event?,2025-06-27T11:00:53Z
sigma,fanfic,after,"In that year, there was an enormous atmospheric river event over East Antarctica, which was also a five sigma event.",2025-06-27T11:00:53Z
sigma,fanfic,after,"Its parent company, Sigma, reported spending at Chemist Warehouse had accelerated since June, with sales nearly 20% higher in the three months compared to the same time last year.",2025-10-31T23:00:18Z
sigma,fanfic,after,"Chemist Warehouse will become a publicly traded company through a merger with Sigma Healthcare, creating a retailing giant and unlocking billions of dollars for the founders of the discount pharmacy chain.",2023-12-11T02:15:29Z
sigma,fanfic,after,"The company expanded to become Australia’s largest pharmacy retailer, and will become even bigger, given Sigma operates its own franchised pharmacy network.",2023-12-11T02:15:29Z
sigma,fanfic,after,"“The combination of CWG’s retailing and marketing capabilities and Sigma’s state-of-the-art distribution network and logistics capabilities presents a unique opportunity for CWG and Sigma shareholders,” Gance said.",2023-12-11T02:15:29Z
sigma,fanfic,after,"The transaction resembles a reverse listing, where the privately-owned Chemist Warehouse becomes a publicly-traded company by merging with a smaller listed company, Sigma, whose retail brands include Amcal.",2023-12-11T02:15:29Z
sigma,fanfic,after,"Sigma’s board has recommended shareholders vote in favour of the deal, which would create a company with a market capitalisation of about $8.8bn.",2023-12-11T02:15:29Z
sigma,fanfic,after,"Chemist Warehouse operates a network of about 600 stores, while Sigma also has franchised pharmacies and wholesale pharmaceutical operations.",2023-12-11T02:15:29Z
sigma,fanfic,after,404 Media reports that a video recently uploaded to the official Dora the Explorer Instagram account featured Dora explaining what “sigma” means.,2025-05-10T13:00:54Z
sigma,fanfic,after,"While sigma has gone through various linguistic shifts, it has been used in the manosphere to talk about an extreme form of masculinity.",2025-05-10T13:00:54Z
sigma,fanfic,after,"The sad, stupid rise of the sigma male Steve Rose explains the social media phenomenon, “supposedly exemplified by characters played by the likes of Keanu Reeves, Cillian Murphy, Bryan Cranston and Christian Bale, plus the manosphere influencer Andrew Tate as well as actual, real life wolves”.",2024-06-14T22:00:02Z
sigma,fanfic,after,What do sigma males … do?,2024-06-14T22:00:02Z
sigma,fanfic,after,"“Sigma”, “skibidi”, “cooked” are all examples of an increasingly globalised repertoire of slang words.",2025-10-25T08:39:11Z
sigma,fanfic,after,"And while they look out at the rain, grumbling at what it does to the day’s plans, I have a first thought out the gate that confirms my final, and total, transformation into my own mother: “Hmm, good for my plants.” Friday In my house I’m banned from saying “skibidi”, “gyatt”, “hyperpigmentation” and “Ohio sigma” – and this week, a new addition has been made to the list.",2025-08-01T10:47:12Z
sigma,fanfic,after,Ten more of his brothers in Sigma Phi Epsilon (SigEp) similarly had charges dismissed or reduced.,2025-08-28T14:00:48Z
sigma,fanfic,after,"Using abbreviations for “perpetrators”, “Sigma” and “Epsilon”, those notes say “Tommy” was “one of the perp ΣE”.",2025-08-28T14:00:48Z
sigma,fanfic,after,"Independent senator Fatima Payman gave a shout-out to the kids in a speech she delivered opposing the age ban on social media, littered with phrases my nephew uses that I do not understand such as “sigma”, “capping” and “skibidi”.",2025-03-27T00:16:00Z
sigma,fanfic,after,"For men, especially, says Blumenthal, our culture celebrates the hero forging his own path, from the characters of 19th-century novels to the cowboy archetype to the “sigma male” internet trend of the past decade.",2026-02-15T05:00:12Z
sigma,fanfic,after,"We deserve a leader who understands that our differences do not divide us – they are an essential source of our strength.” The presumptive Democratic presidential nominee was speaking at the Sigma Gamma Rho’s 60th International Biennial Boulé, the Black sorority’s gathering of its entire membership in Houston, Texas.",2024-08-01T05:15:35Z
sigma,fanfic,after,"I’ve not seen anything to suggest the players are not trying to take my ideas on board, but we’re not delivering in key moments.” Aberdeen 2-3 Shakhtar Donetsk AEK Larnaca 4-0 AZ Alkmaar Celje 3-1 AEK Athens Fiorentina 2-0 Sigma Olomouc Legia Warsaw 0-1 Samsunspor Rakow 2-0 Univ.",2025-10-02T21:26:02Z
sigma,fanfic,after,Conference League half-times: Aberdeen 1-1 Shakhtar Donetsk AEK Larnaca 1-0 AZ Alkmaar Celje 1-1 AEK Athens Fiorentina 1-0 Sigma Olomouc Legia Warsaw 0-1 Samsunspor Rakow 0-0 Univ.,2025-10-02T21:26:02Z
sigma,fanfic,after,"According to Glaad, Alpha Phi Alpha’s ban comes about seven years after Phi Beta Sigma, another Black fraternity, passed their own ban against transgender members.",2024-07-16T16:24:36Z
sigma,fanfic,after,"While Phi Beta Sigma did not respond to a request for comment, the Guardian found that multiple chapters’ bylaws include verbiage that limits membership to “natural-born males who identify as such”.",2024-07-16T16:24:36Z
sigma,fanfic,after,Glaad reported that Phi Beta Sigma’s ban came after the organization accepted its first transgender member.,2024-07-16T16:24:36Z
sigma,fanfic,after,It is declining.” The results do not meet the so-called five-sigma threshold of statistical certainty that is the gold standard in physics for claiming a discovery.,2025-03-19T22:00:07Z
sigma,fanfic,after,The results are reported with a “three-sigma” level of statistical significance (a 0.3% probability that they occurred by chance) although this falls short of the gold standard for discoveries in physics.,2025-04-16T23:05:23Z
sigma,fanfic,after,There’s something curious about the proposed merger between Chemist Warehouse and Sigma Healthcare.,2024-06-18T23:46:17Z
sigma,fanfic,after,Sigma has another 400.,2024-06-18T23:46:17Z
sigma,fanfic,after,"Large conglomerates If you don’t see that many Chemist Warehouse stores as you walk around each day, and you see even fewer Sigma, that could be because of the different storefront names they use, such as MyChemist, Amcal, Discount Drug Store and PharmaSave.",2024-06-18T23:46:17Z
sigma,fanfic,after,The Australian Competition and Consumer Commission is wary about the proposed merger of Chemist Warehouse and Sigma Healthcare.,2024-06-18T23:46:17Z
sigma,fanfic,after,"Simple Life Homes, which is owned by Sigma Capital, has several developments in the UK, including one- to three-bedroom homes available at its Albion Homes site in Salford, Greater Manchester.",2025-02-16T09:00:04Z
sigma,fanfic,after,"“History has always been told by those in power – now we have that power.” Don’t miss this: The stupid, sad rise of the sigma male A new form of toxic masculinity has taken over social media: sigma masculinity.",2024-06-12T11:42:15Z
sigma,fanfic,after,"The sigma male is characterized as a lone wolf, a confident and competent independent thinker who makes his own rules.",2024-06-12T11:42:15Z
sigma,fanfic,after,"Last week, at the Sigma Gamma Rho’s 60th International Biennial Boulé, she addressed Trump’s comments earlier that day questioning her race.",2024-08-07T23:25:10Z
sigma,fanfic,after,"Asked what role they have played in US history, Ross is unequivocal: “You would not have the civil rights movement without the Divine Nine members,” he says, and rattles off some of the movement’s most important figures: “Dorothy Height, a member of Delta Sigma Theta, Martin Luther King, Alpha Phi Alpha, Jesse Jackson, Omega Psi Phi.” Rosa Parks was an AKA member.",2024-08-07T23:25:10Z
sigma,fanfic,after,"Rebuilding freedom schools – educational programs in marginalized communities – creating spaces of communication on social media, akin to “Black Twitter”, targeting disinformation being spread by artificial intelligence, and addressing ongoing attacks on diversity, equity and inclusion are just some of the potential strategies, said the speaker Fran Phillips-Calhoun, an Atlanta Alumnae Chapter of Delta Sigma Theta.",2024-12-04T17:00:20Z
sigma,fanfic,after,"You do not get any points for knowing the right context in which to use “slay” (who doesn’t?), but you may need a primer on what kids are describing as “sigma”.",2025-01-23T12:17:51Z
sigma,fanfic,after,"We remember the inadvertent comedy of the 2022 Champions League final‑winning goal, the he’s‑behind‑you pantomime dynamic of Vinícius Júnior sneaking a full 60 yards on Alexander‑Arnold’s blind side to score from a cross, as maddening as it was also comically sigma male, the A-list defender who just will not defend.",2025-03-26T19:23:46Z
sigma,fanfic,after,"The second set showcased Phish’s mastery of dynamics, opening with Sigma Oasis, a buoyant anthem of optimism, before transitioning into a sinister My Friend, My Friend.",2025-01-01T19:56:11Z
sigma,fanfic,after,"The college fraternity Sigma Phi Epsilon commended its member “who acted instantaneously to take control of the bus and prevent further tragedy”, adding: “The safety of these students is our top concern and we are grateful to first responders and all those providing care.” The crash remains under investigation by the Mississippi highway patrol.",2024-04-06T20:49:12Z
sigma,fanfic,after,"Official results are not expected until Monday evening but an exit poll by Sigma company, a polling agency, showed Saied in the lead with 89.2% of votes, according to state television.",2024-10-06T22:48:58Z
sigma,fanfic,after,"Jay challenges his assumptions about women, and there’s an illuminating discussion about how he feels sorry for his little brothers growing up at a time when labels for men include “simp” and “sigma”.",2024-10-31T09:45:13Z
sigma,fanfic,after,"Josh, Glasgow *** Winter overshoes Spatz Pro Stealth overshoe system £104.99 at SpatzWear £93.60 at Sigma Sports I’m a keen cyclist, but my fitness suffers in the winter.",2025-01-09T15:00:31Z
sigma,fanfic,after,"I played a house league, had a few years at a Brampton team, then went to the Sigma academy in Mississauga.” An admirer of Didier Drogba, he dreamed of the Premier League.",2025-01-09T08:00:03Z
sigma,fanfic,after,"Badawi was in the middle of his freshman year at the University of Alabama – where he had pledged to join the Sigma Chi fraternity – when he was killed on Sunday, AL.com reported.",2025-01-03T00:46:58Z
sigma,fanfic,after,"In his train-bombing texts, he used the Greek alphabet – including writing the Sigma Σ summation symbol in place of the letter E – and also borrowed from the linguistic skullduggery of monks.",2024-09-18T07:45:16Z
sigma,fanfic,after,The University of Maryland’s decision comes after the University of Virginia suspended its Kappa Sigma chapter and all fraternity events following an alleged hazing incident last month that left a student injured.,2024-03-03T22:00:45Z
sigma,fanfic,after,"As another academic year begins, the sisters at university sorority Sigma Lambda Theta are all a-flutter over rush week (whatever that is) and the election for this year’s sorority president; this is expected to be top mean girl Brianna (Sydney Craven) for the third year in a row.",2024-02-07T13:00:47Z
sigma,fanfic,after,"*** Almost universal rack Jack the bike rack £79.99 at WholeGrain Cycles From £76 at Sigma Sports For something a bit different, or if your bike doesn’t have the necessary bolts for a front rack, this is an innovative bit of hardware that attaches easily to (almost) any bike.",2025-01-31T15:00:16Z
sigma,fanfic,after,"The collection’s first piece, Love Story, is a peek at an online romance between a feral young woman (Levy describes her inhabiting a number of animal states, among them “mouse mode” and “rotting fox”) and a young man torn between the vexed humours of internet masculinity (“kamikaze mode”, “chill sigma”, “xenoestrogenic alienation”).",2024-05-15T10:00:38Z
sigma,fanfic,after,"The press conference set Marshall – an alum of the Delta Sigma Phi fraternity at Columbia University – on a path to writing Among the Bros: A Fraternity Crime Story, a book that focuses on Mikey Schmidt, one of the men arrested that day, and Rob Liljeberg, his closest friend and ally.",2023-11-29T13:00:41Z
sigma,fanfic,after,"When members of the college’s more elite Sigma Alpha Epsilon fraternity completely destroyed cabins in Tugaloo state park over a weekend of drug- and alcohol-fueled debauchery, they faced only a minor charge.",2023-11-29T13:00:41Z
sigma,fanfic,after,"In another anecdote from the book, a former pledge from the College of Charleston’s Sigma Alpha Epsilon chapter is asked to tell a story about the groom – his fraternity brother – at a bachelor party.",2023-11-29T13:00:41Z
sigma,fanfic,after,"Badawi had pledged to join the Sigma Chi fraternity at his university in Tuscaloosa, Alabama, when he was killed.",2025-01-05T12:00:17Z
sigma,fanfic,after,"Inside, Alsobrooks addressed a crowd organized by D4 Women in Action, linked to Delta Sigma Theta, one of the Divine Nine Black women’s sororities, to which Alsobrooks belongs.",2024-10-10T15:18:28Z
sigma,fanfic,after,"In 1972, at Aretha Franklin’s suggestion, they signed with Atlantic Records and began a successful partnership with the producer, arranger and songwriter Thom Bell, who recorded them at the Sigma Sound studio in Philadelphia with a cast of crack session musicians.",2024-02-15T17:29:25Z
sigma,fanfic,after,"Keep on Going (1973) A potential path not travelled, Keep on Going is the sound of Fleetwood Mac taking note of the music emerging from Philadelphia’s Sigma Sound Studios in 1973.",2024-07-25T11:10:20Z
sigma,fanfic,after,What a feeling to have English cricket’s ultimate sigma-male throwing a brawny arm around your shoulders.,2024-02-24T16:36:57Z
sigma,fanfic,after,"Jay challenges his assumptions about women, and there’s an illuminating discussion about how he feels sorry for his little brothers growing up at a time when labels for men include “simp” and “sigma”.",2024-11-01T06:36:58Z
sigma,fanfic,after,The SEC alleges that Zhao and Binance were able to commingle or divert customers assets “as they please” including to a Zhao-controlled entity called Sigma Chain.,2023-06-05T15:42:39Z
sigma,fanfic,after,The regulator claims that Sigma also engaged in “manipulative trading” that artificially inflated trading volume on Binance.US.,2023-06-05T15:42:39Z
