word,event,register,period,sentence,timestamp
brainrot,natural-drift,informal,after,1000% brainrotted kid 🫩🫩🫩 (sorry if the text is not visible 🫩)  https://preview.redd.it/17clo65t22ig1.png?width=836&format=png&auto=webp&s=2db19f29c0b59b83ea988f58444af0db93a91ef5  ,2026-02-07T11:13:34Z
brainrot,natural-drift,informal,after,dm me if you interested ,2026-02-07T11:12:23Z
brainrot,natural-drift,informal,after,https://preview.redd.it/ghk7dru601eg1.png?width=3375&format=png&auto=webp&s=100b58d44cfd28b275c58c63c5f33ab70f13bf92  kindly see proof of sales and vouches [here](https://www.reddit.com/u/soleyaa/s/mdD3UZ7x3L) (⁠◠⁠‿⁠・⁠)⁠—⁠☆,2026-02-07T11:10:31Z
brainrot,natural-drift,informal,after,https://preview.redd.it/syfeww8xytbg1.png?width=3375&format=png&auto=webp&s=cd494939cf8d4ef260170a51886c05eb85e4c034  [badz (vouches)](https://www.reddit.com/u/badzzzzz_19/s/0S6K3VovhD)  [soleya (vouches)](https://www.reddit.com/u/soleyaa/s/vjWt4TlK4A)  [✧⁠\*⁠。badz (proof of sales)](https://www.reddit.com/u/badzzzzz_19/s/bTdHlZlK2O)  [✧⁠\*⁠。soleya (proof of sales)](https://www.reddit.com/user/soleyaa/comments/1p6cle5/hey_gag_friends_please_check_out_my_proof_of/?utm_source=share&utm_medium=web3x&utm_name=web3xcss&utm_term=1&utm_content=share_button)  you can message [u/badzzzzz\_19](https://www.reddit.com/user/badzzzzz_19/) or [u/soleyaa](https://www.reddit.com/user/soleyaa/) 💌,2026-02-07T11:01:39Z
brainrot,natural-drift,informal,after,https://preview.redd.it/q3q362hrz0eg1.png?width=3375&format=png&auto=webp&s=cb31be9718c085b3408c68c4cdf97e1fd3cc93a5  kindly see proof of sales and vouches [here](https://www.reddit.com/u/soleyaa/s/mdD3UZ7x3L) (⁠◠⁠‿⁠・⁠)⁠—⁠☆,2026-02-07T10:50:29Z
brainrot,natural-drift,informal,after,"yes I am alive and with a sound mind. this won't be another rant about how a particular scene should have been in this TMT Rod movie. Maruti DON'T KNOW how to make a film. No, I didn't download it from the internet, I paid for the hotstar.  this movie is doomed from the day it was announced, the reason is PMF. I had a little hope on Maruti, thought it wouldn't be a great movie but never imagined it would be such an unbearable ride. I expected a bare minimum, a mixture of ""Prema Katha Chitram"" and ""Sailaja Reddy Alludu"". but ""THE"" RAJA SAAB was out of syllabus.  writing is sh!t, there is no connection between the scenes. PMF wanted to cash Prabhas's ""Box Office Body"" with some body replacements. I hv a made a post abt why PMF makes shitty movies.  when I said my friends that this movie was gonna be a disaster worse than brainrot on the day announcement poster was out with PMF name on it, they laughed at me saying that I don't know anything about **Prabhas's fandom and TFI audiences**, but they didn't knew PMF like I did. Aa roju nannu Pichodu annavalu, 9th Jan roju Picchi P\*kolu ayyaru.  I started watching it around 12 in the mid night, usual time when I crave to watch horror movies but this movie is the real horror. I suggest you not to watch this Masterpiece. Jeevitham lo enni chudaledhu andhulo indhi okati ani saagipondi.  Exception: the only scene I really enjoyed was the scene where Nidhi and Saptagiri enter the room. that sequence had some horror, yes it's old school but it was good.  at the core writing was so much shit that even prabhas couldn't carry it like he did for Radheshyaam and Adhipurush. GK and OG too had bad writing but actors were able to carry them. in my opinion Maruti should stop writing for his upcoming movie, if he ever makes any.  Thaman anna music is so awful, Edo cheyali ani chesinatu undi music.  Edit: I knew it was bad, but this is worse. It's not even worth watching once.",2026-02-07T10:40:03Z
brainrot,natural-drift,informal,after,https://preview.redd.it/444i9g8kz0eg1.png?width=3375&format=png&auto=webp&s=957ae14c021c496fba91f34c8ab9ebb250276503  [badz (vouches)](https://www.reddit.com/u/badzzzzz_19/s/0S6K3VovhD)  [soleya (vouches)](https://www.reddit.com/u/soleyaa/s/vjWt4TlK4A)  [✧⁠\*⁠。badz (proof of sales)](https://www.reddit.com/u/badzzzzz_19/s/bTdHlZlK2O)  [✧⁠\*⁠。soleya (proof of sales)](https://www.reddit.com/user/soleyaa/comments/1p6cle5/hey_gag_friends_please_check_out_my_proof_of/?utm_source=share&utm_medium=web3x&utm_name=web3xcss&utm_term=1&utm_content=share_button)  you can message u/badzzzzz_19 or u/soleyaa 💌,2026-02-07T10:30:36Z
brainrot,natural-drift,informal,after,https://preview.redd.it/ob3i8wfiz0eg1.png?width=3375&format=png&auto=webp&s=ccef68daed297e0b56070baf4863122daeed2251  kindly see proof of sales and vouches [here](https://www.reddit.com/u/soleyaa/s/mdD3UZ7x3L) (⁠◠⁠‿⁠・⁠)⁠—⁠☆,2026-02-07T10:28:29Z
brainrot,natural-drift,informal,after,"I have almost done covered the syllabus already and Am doing sl arora sums right now, I will do sample papers and PYQ s from 13th but how should I do these 'effectively'? Probably a dumb ah brainrot question, but genuinely curious if it's possible.",2026-02-07T10:20:45Z
brainrot,natural-drift,informal,after,"Description (from roblox btw):    NEW VALENTINES HEART LUCKY BLOCK  Includes 8 new Brainrots:  \- Luv Luv Luv  \- Karkerheart Luvkur  \- Love Love Love Sahur  \- Cupid Hotspot  \- Noo my Heart  \- Chicleteira Cupideira  \- Rosetti Tualetti  \- Rosey and Teddy    NEW CUPIDS MACHINE  \- Use this to obtain Heart Lucky Blocks and some exclusive Valentine's Brainrots    NEW ROSE BASE SKIN, 20X LUCK, VALENTINES ADMIN ABUSE EVENT, + MORE!",2026-02-07T10:15:24Z
brainrot,natural-drift,informal,after,https://preview.redd.it/xx75lx7oz0eg1.png?width=3375&format=png&auto=webp&s=d954b662cdc667a68cc281968f846cf9e70f1a8c  [badz (vouches)](https://www.reddit.com/u/badzzzzz_19/s/0S6K3VovhD)  [soleya (vouches)](https://www.reddit.com/u/soleyaa/s/vjWt4TlK4A)  [✧⁠\*⁠。badz (proof of sales)](https://www.reddit.com/u/badzzzzz_19/s/bTdHlZlK2O)  [✧⁠\*⁠。soleya (proof of sales)](https://www.reddit.com/user/soleyaa/comments/1p6cle5/hey_gag_friends_please_check_out_my_proof_of/?utm_source=share&utm_medium=web3x&utm_name=web3xcss&utm_term=1&utm_content=share_button)  you can message u/badzzzzz_19 or u/soleyaa 💌,2026-02-07T10:01:25Z
brainrot,natural-drift,informal,after,Fuck you lol ,2026-02-07T09:55:44Z
brainrot,natural-drift,informal,after,I got this in admin abuse im selling it for robux or better brainrot,2026-02-07T09:52:44Z
brainrot,natural-drift,informal,after,Yay,2026-02-07T09:51:45Z
brainrot,natural-drift,informal,after,at around 3 minutes 55 seconds you see a sound which is copied by steal a brainrot in the quantum cloner sound.  so the link is https://youtu.be/57n4EpciuCw?feature=shared,2026-02-07T09:48:35Z
brainrot,natural-drift,informal,after,"Apparently I Need To Approve Posts Before They Can Be Seen By Other People, So How Do I Turn That Off?",2026-02-07T09:45:44Z
brainrot,natural-drift,informal,after,so steal a brainrot copied numberblocks in the quantum cloner sound effect which is used by numberblocks a long time ago I can send you the link  at around 3:55 so ban sab lol,2026-02-07T09:45:27Z
brainrot,natural-drift,informal,after,I don't offer  Looking For:  Los Hotspotsitos  Tacorita Bicicleta (100M+)  Los Tacoritas  Carpet spawns  Chillin Chili (100M+)  Chipso and Queso (100M+)  La Casa Boo  Reinito Sleighito  Cooki and Milki  Spooky and Pumpky  Fragrama and Chocrama  Robux  High money makers,2026-02-07T09:28:10Z
brainrot,natural-drift,informal,after,Don't go crazy cus I'm only limited to a few brainrots ,2026-02-07T09:21:58Z
brainrot,natural-drift,informal,after,https://preview.redd.it/ghk7dru601eg1.png?width=3375&format=png&auto=webp&s=100b58d44cfd28b275c58c63c5f33ab70f13bf92  kindly see proof of sales and vouches [here](https://www.reddit.com/u/soleyaa/s/mdD3UZ7x3L) (⁠◠⁠‿⁠・⁠)⁠—⁠☆,2026-02-07T09:10:33Z
brainrot,natural-drift,informal,after,https://preview.redd.it/syfeww8xytbg1.png?width=3375&format=png&auto=webp&s=cd494939cf8d4ef260170a51886c05eb85e4c034  [badz (vouches)](https://www.reddit.com/u/badzzzzz_19/s/0S6K3VovhD)  [soleya (vouches)](https://www.reddit.com/u/soleyaa/s/vjWt4TlK4A)  [✧⁠\*⁠。badz (proof of sales)](https://www.reddit.com/u/badzzzzz_19/s/bTdHlZlK2O)  [✧⁠\*⁠。soleya (proof of sales)](https://www.reddit.com/user/soleyaa/comments/1p6cle5/hey_gag_friends_please_check_out_my_proof_of/?utm_source=share&utm_medium=web3x&utm_name=web3xcss&utm_term=1&utm_content=share_button)  you can message [u/badzzzzz\_19](https://www.reddit.com/user/badzzzzz_19/) or [u/soleyaa](https://www.reddit.com/user/soleyaa/) 💌,2026-02-07T09:01:20Z
brainrot,natural-drift,informal,after,https://preview.redd.it/q3q362hrz0eg1.png?width=3375&format=png&auto=webp&s=cb31be9718c085b3408c68c4cdf97e1fd3cc93a5  kindly see proof of sales and vouches [here](https://www.reddit.com/u/soleyaa/s/mdD3UZ7x3L) (⁠◠⁠‿⁠・⁠)⁠—⁠☆,2026-02-07T08:50:31Z
brainrot,natural-drift,informal,after,https://preview.redd.it/444i9g8kz0eg1.png?width=3375&format=png&auto=webp&s=957ae14c021c496fba91f34c8ab9ebb250276503  [badz (vouches)](https://www.reddit.com/u/badzzzzz_19/s/0S6K3VovhD)  [soleya (vouches)](https://www.reddit.com/u/soleyaa/s/vjWt4TlK4A)  [✧⁠\*⁠。badz (proof of sales)](https://www.reddit.com/u/badzzzzz_19/s/bTdHlZlK2O)  [✧⁠\*⁠。soleya (proof of sales)](https://www.reddit.com/user/soleyaa/comments/1p6cle5/hey_gag_friends_please_check_out_my_proof_of/?utm_source=share&utm_medium=web3x&utm_name=web3xcss&utm_term=1&utm_content=share_button)  you can message u/badzzzzz_19 or u/soleyaa 💌,2026-02-07T08:30:31Z
brainrot,natural-drift,informal,after,https://preview.redd.it/ob3i8wfiz0eg1.png?width=3375&format=png&auto=webp&s=ccef68daed297e0b56070baf4863122daeed2251  kindly see proof of sales and vouches [here](https://www.reddit.com/u/soleyaa/s/mdD3UZ7x3L) (⁠◠⁠‿⁠・⁠)⁠—⁠☆,2026-02-07T08:28:06Z
brainrot,natural-drift,informal,after,"The pendulum swings every update. There is no ""Dev Bias"" or ""Hard Faction.""  Grow up. Stop being whingey little bitches, it's a video game, it's pathetic. Yes, Wardens have higher pop during EU hours, well guess what Collies have a higher pop during NA hours. If it isn't pop to whinte about it is something else.  I don't play Collies. Not because I enjoy playing with an ""overpowered"" faction, it's because the amount of whinging is embarassing. I teach 7 year olds and they are more emotional stable then the average Collie redditor. I apologise to the Colonials who aren't suffering from factionalism brainrot. There is factionalism brainrot on each side, but Jesus fucking Christ the Colonials need to fucking chill with the whinging.   Yes the Wardens benefit from some patches. Collies have benefited from previous patches. That is how the pendulum works. Just play the game. If you don't enjoy it, then don't play it. Simple as. ",2026-02-07T08:25:35Z
brainrot,natural-drift,informal,after,https://preview.redd.it/xx75lx7oz0eg1.png?width=3375&format=png&auto=webp&s=d954b662cdc667a68cc281968f846cf9e70f1a8c  [badz (vouches)](https://www.reddit.com/u/badzzzzz_19/s/0S6K3VovhD)  [soleya (vouches)](https://www.reddit.com/u/soleyaa/s/vjWt4TlK4A)  [✧⁠\*⁠。badz (proof of sales)](https://www.reddit.com/u/badzzzzz_19/s/bTdHlZlK2O)  [✧⁠\*⁠。soleya (proof of sales)](https://www.reddit.com/user/soleyaa/comments/1p6cle5/hey_gag_friends_please_check_out_my_proof_of/?utm_source=share&utm_medium=web3x&utm_name=web3xcss&utm_term=1&utm_content=share_button)  you can message u/badzzzzz_19 or u/soleyaa 💌,2026-02-07T08:01:43Z
brainrot,natural-drift,informal,after,https://preview.redd.it/ghk7dru601eg1.png?width=3375&format=png&auto=webp&s=100b58d44cfd28b275c58c63c5f33ab70f13bf92  kindly see proof of sales and vouches [here](https://www.reddit.com/u/soleyaa/s/mdD3UZ7x3L) (⁠◠⁠‿⁠・⁠)⁠—⁠☆,2026-02-07T07:10:30Z
brainrot,natural-drift,informal,after,https://preview.redd.it/syfeww8xytbg1.png?width=3375&format=png&auto=webp&s=cd494939cf8d4ef260170a51886c05eb85e4c034  [badz (vouches)](https://www.reddit.com/u/badzzzzz_19/s/0S6K3VovhD)  [soleya (vouches)](https://www.reddit.com/u/soleyaa/s/vjWt4TlK4A)  [✧⁠\*⁠。badz (proof of sales)](https://www.reddit.com/u/badzzzzz_19/s/bTdHlZlK2O)  [✧⁠\*⁠。soleya (proof of sales)](https://www.reddit.com/user/soleyaa/comments/1p6cle5/hey_gag_friends_please_check_out_my_proof_of/?utm_source=share&utm_medium=web3x&utm_name=web3xcss&utm_term=1&utm_content=share_button)  you can message [u/badzzzzz\_19](https://www.reddit.com/user/badzzzzz_19/) or [u/soleyaa](https://www.reddit.com/user/soleyaa/) 💌,2026-02-07T07:01:27Z
brainrot,natural-drift,informal,after,https://preview.redd.it/q3q362hrz0eg1.png?width=3375&format=png&auto=webp&s=cb31be9718c085b3408c68c4cdf97e1fd3cc93a5  kindly see proof of sales and vouches [here](https://www.reddit.com/u/soleyaa/s/mdD3UZ7x3L) (⁠◠⁠‿⁠・⁠)⁠—⁠☆,2026-02-07T06:50:39Z
brainrot,natural-drift,informal,after,I HAVE A WHATSAPP GROUP FOR TV IF YOU'D LIKE TO JOIN. SEND ME A MESSAGE.   There are rules to follow for reliable trading and to avoid potential scams or fraud... 🫡✅️  There will be brainstorming sessions and tournaments if the group keeps growing. ✌🏼 https://chat.whatsapp.com/JKrxhbJKE4zD8PzCBnEv3N?mode=gi_t,2026-02-07T06:50:05Z
brainrot,natural-drift,informal,after,https://preview.redd.it/444i9g8kz0eg1.png?width=3375&format=png&auto=webp&s=957ae14c021c496fba91f34c8ab9ebb250276503  [badz (vouches)](https://www.reddit.com/u/badzzzzz_19/s/0S6K3VovhD)  [soleya (vouches)](https://www.reddit.com/u/soleyaa/s/vjWt4TlK4A)  [✧⁠\*⁠。badz (proof of sales)](https://www.reddit.com/u/badzzzzz_19/s/bTdHlZlK2O)  [✧⁠\*⁠。soleya (proof of sales)](https://www.reddit.com/user/soleyaa/comments/1p6cle5/hey_gag_friends_please_check_out_my_proof_of/?utm_source=share&utm_medium=web3x&utm_name=web3xcss&utm_term=1&utm_content=share_button)  you can message u/badzzzzz_19 or u/soleyaa 💌,2026-02-07T06:30:35Z
brainrot,natural-drift,informal,after,https://preview.redd.it/ob3i8wfiz0eg1.png?width=3375&format=png&auto=webp&s=ccef68daed297e0b56070baf4863122daeed2251  kindly see proof of sales and vouches [here](https://www.reddit.com/u/soleyaa/s/mdD3UZ7x3L) (⁠◠⁠‿⁠・⁠)⁠—⁠☆,2026-02-07T06:28:18Z
brainrot,natural-drift,informal,after,crabbo limonetta and los orcalitos!!,2026-02-07T06:15:14Z
brainrot,natural-drift,informal,after,https://preview.redd.it/xx75lx7oz0eg1.png?width=3375&format=png&auto=webp&s=d954b662cdc667a68cc281968f846cf9e70f1a8c  [badz (vouches)](https://www.reddit.com/u/badzzzzz_19/s/0S6K3VovhD)  [soleya (vouches)](https://www.reddit.com/u/soleyaa/s/vjWt4TlK4A)  [✧⁠\*⁠。badz (proof of sales)](https://www.reddit.com/u/badzzzzz_19/s/bTdHlZlK2O)  [✧⁠\*⁠。soleya (proof of sales)](https://www.reddit.com/user/soleyaa/comments/1p6cle5/hey_gag_friends_please_check_out_my_proof_of/?utm_source=share&utm_medium=web3x&utm_name=web3xcss&utm_term=1&utm_content=share_button)  you can message u/badzzzzz_19 or u/soleyaa 💌,2026-02-07T06:01:14Z
brainrot,natural-drift,informal,after,"*note: For those who don't understand or did not watch Shorts Wars ARG before, better watch it first and also,* ***a little bit spoiler and AI awareness warning***      I already watched Shorts Wars, looking at the lore and I think: What happens if Shorts Wars took place or starts in 2025? This ""What-if"" theory maybe looks   1. The Eight YT Shorts Creators were replaced by AI clone characters instead of original clones; since 2025, YouTube Shorts began to filled with AI slops, and if Short Wars starts in 2025, the Boss wants the eight creators replaced by AI clones because he may believe that AI clones smarter than them. 2. Dr. Francis Dave learns AI engineering and put it in his clone machine; Francis Dave's clone machine works normally like the original timeline (2023) 3. I'm sure the clones having more high-intelligence and have ability to transform from humans to AI voice-only because of AI he puts on the machine, and Preston or Clone Riggy maybe look 3D AI-ish or creepy AI render that made the clone machine eventually broke like in the 2023 timeline. 4. The Boss will use the clones to spread brainrot facts and AI slops (probably)  and maybe that's all of ""What-if"" theory about Shorts Wars that I wrote today, and if this seems to be weak theory, I beg your pardon.",2026-02-07T05:42:38Z
brainrot,natural-drift,informal,after,"crabby limonetta, orcalero orcala, los orcalitos, boatito auratito, and grapuss medussi",2026-02-07T05:28:58Z
brainrot,natural-drift,informal,after,"Title was simply ""Steal a brainrot"" (I told him to make it more intriguing but I guess it didn't matter to him)   Was basically my friend going around stealing as many brainrots in the Roblox game Steal A Brainrot  Okay so 1; I did not make the video idea, he asked me to edit it and since I was pretty consistently making longform and pretty edited videos I wanted to try editing for someone else for the first time  2; I tried to make it somewhat similar to his thumbnail style (Which was extremely simple; pretty much just \[Put game screenshot > Put avatar on thumbnail > Add explosions\]     I made it half-jokingly since he had no idea what to do for the thumbnail and he just said ""sure why not""   The video got like 90 views which was pretty below average for his normal videos unfortunately, so I mainly want to know what I did wrong, I tried adding some text flair with the rainbow ""SECRET"" but the layers definitely might've been a bit off",2026-02-07T05:26:35Z
brainrot,natural-drift,informal,after,https://preview.redd.it/ghk7dru601eg1.png?width=3375&format=png&auto=webp&s=100b58d44cfd28b275c58c63c5f33ab70f13bf92  kindly see proof of sales and vouches [here](https://www.reddit.com/u/soleyaa/s/mdD3UZ7x3L) (⁠◠⁠‿⁠・⁠)⁠—⁠☆,2026-02-07T05:10:31Z
brainrot,natural-drift,informal,after,"Playlist is called ""high"" and i used YT music",2026-02-07T05:06:38Z
brainrot,natural-drift,informal,after,https://preview.redd.it/syfeww8xytbg1.png?width=3375&format=png&auto=webp&s=cd494939cf8d4ef260170a51886c05eb85e4c034  [badz (vouches)](https://www.reddit.com/u/badzzzzz_19/s/0S6K3VovhD)  [soleya (vouches)](https://www.reddit.com/u/soleyaa/s/vjWt4TlK4A)  [✧⁠\*⁠。badz (proof of sales)](https://www.reddit.com/u/badzzzzz_19/s/bTdHlZlK2O)  [✧⁠\*⁠。soleya (proof of sales)](https://www.reddit.com/user/soleyaa/comments/1p6cle5/hey_gag_friends_please_check_out_my_proof_of/?utm_source=share&utm_medium=web3x&utm_name=web3xcss&utm_term=1&utm_content=share_button)  you can message [u/badzzzzz\_19](https://www.reddit.com/user/badzzzzz_19/) or [u/soleyaa](https://www.reddit.com/user/soleyaa/) 💌,2026-02-07T05:01:58Z
brainrot,natural-drift,informal,after,r/AntiBrainrotAlliance is only 44 members down now. We have time to catch them,2026-02-07T05:01:48Z
brainrot,natural-drift,informal,after,r/AntiBrainrotAlliance is making progress,2026-02-07T04:59:48Z
brainrot,natural-drift,informal,after,https://preview.redd.it/q3q362hrz0eg1.png?width=3375&format=png&auto=webp&s=cb31be9718c085b3408c68c4cdf97e1fd3cc93a5  kindly see proof of sales and vouches [here](https://www.reddit.com/u/soleyaa/s/mdD3UZ7x3L) (⁠◠⁠‿⁠・⁠)⁠—⁠☆,2026-02-07T04:50:31Z
brainrot,natural-drift,informal,after,What the sub is for: A place where you are against Brainrot stuffs and contribute to make the internet culture a better place. r/AntiBrainrotAlliance is the anti version of TheBrainrotAlliance. We hope that you join our subreddit r/AntiBrainrotAlliance and make the internet a better place,2026-02-07T04:49:57Z
brainrot,natural-drift,informal,after,https://preview.redd.it/444i9g8kz0eg1.png?width=3375&format=png&auto=webp&s=957ae14c021c496fba91f34c8ab9ebb250276503  [badz (vouches)](https://www.reddit.com/u/badzzzzz_19/s/0S6K3VovhD)  [soleya (vouches)](https://www.reddit.com/u/soleyaa/s/vjWt4TlK4A)  [✧⁠\*⁠。badz (proof of sales)](https://www.reddit.com/u/badzzzzz_19/s/bTdHlZlK2O)  [✧⁠\*⁠。soleya (proof of sales)](https://www.reddit.com/user/soleyaa/comments/1p6cle5/hey_gag_friends_please_check_out_my_proof_of/?utm_source=share&utm_medium=web3x&utm_name=web3xcss&utm_term=1&utm_content=share_button)  you can message u/badzzzzz_19 or u/soleyaa 💌,2026-02-07T04:30:34Z
brainrot,natural-drift,informal,after,https://preview.redd.it/ob3i8wfiz0eg1.png?width=3375&format=png&auto=webp&s=ccef68daed297e0b56070baf4863122daeed2251  kindly see proof of sales and vouches [here](https://www.reddit.com/u/soleyaa/s/mdD3UZ7x3L) (⁠◠⁠‿⁠・⁠)⁠—⁠☆,2026-02-07T04:28:31Z
brainrot,natural-drift,informal,after,"Cuz tbh we see akansha, keona, anushka, anisha, even niharika and asmita to some extent, they look like they can have this maturity while speaking, maybe they did have a life where social media wasnt that prominent or they were just from yk smaller towns where it was not even prominient a few years ago.               But look at Suzanne, Khushi, the bully trio, even Sadaf and anjali who is 30ish I believe but she has had enough internet exposure to make her so vile.      Idk if I'm being clear here about my point but WHO AGREES social media isn't creating awareness about being girl's girl, being reasonable, emotionally stable, but doing the OPPOSITE RATHER  I wonder if future generations turn out like Suzanne  LIKE IMAGINE THE GEN ALPHA INFLUENCERS ALL OF THEM TALKING EXACTLY LIKE HER 😬",2026-02-07T04:14:24Z
brainrot,natural-drift,informal,after,Updated list after a few trades. Below is a list of what I'm missing. Thanks to those who have helped so far. I'll eventually do common to legendary but this is the harder part. Let me know what you got and we can trade or work something out.  **Mythics:**  To To To Sahur  Girafa Celeste  **Brainrot Gods:**  Bim Bim Bim Sadim  Los Crococodilitos  Pichonetta Machina  Il Piccione Musculone  Malame Amarale  Belugelo Beluga  **Secrets:**  Kravilino Cekicino  Strawberry Elephant,2026-02-07T04:10:20Z
brainrot,natural-drift,informal,after,My son and I had some fun but really intense games tonight.  The first one was me doing squad fills in reload earlier … I just cannot with zero build.  Every game is like playing with bloodthirsty sharks.   My son was like … “Look mom… even if we don’t win tonight … as long as we get a podium I’ll be satisfied”  That last game.  Some Kardasian\*sp cause IDGAF about them…. Kept throwing down the Zoe bubble thing over and over and over again.  She finally ran out and we were running in sheer rage baited fumes for the last few of the games.  I’ll post the end card   My son finally got to 67 crowned wins tonight!  We are brainrotted.  Both of us.  And he’s 22.  I’m 45.  And we are driving my husband absolutely nuts. I mean. We are all still having a rough go with the grieving.    These games make it a little easier.  Losing his mom a month ago made these games even more precious for my son and I. ,2026-02-07T04:08:22Z
brainrot,natural-drift,informal,after,Photo somewhat related,2026-02-07T04:05:22Z
brainrot,natural-drift,informal,after,"Kung pwede ka na sa mental tulad ko, tara na  Short info: Student parin ako ng Electrical Engineering Technology, 4th year kaso 3rd year standing since na irreg nung 1st year dahil di napapasukan isang major class, and nag stop din nung pandemic.  More about me: Pop punk enjoyer mostly bands i listened to (Fall Out Boy, All Time Low, Panic! At The Disco, The Cab, Set It Off, Waterparks, 5SOS, Twenty One Pilots, Maroon 5) and some hard core bands as well (Pierce The Veil, MCR, BMTH) Hot Mulligan is dope too, for OPM bands my favorite is Any Names Okay and Up Dharma Down and alot more songs from different filo bands. i also listen to 80s Pop to Modern same to it's international bands, and some japanese music (good instrumentals fr)   Sitcom Enjoyer (B99, The Office, Malcolm In The Middle, Kim's Convenience, Parks and Recreation)  Breaking Bad, Better Call Saul OG The Boys Marvel Stuff Rick and Morty Adventure Time The Amazing World of Gumball  Also some anime: Bungo Stray Dogs, Seven Deadly Sins, DBZ, Tokyo Ghoul, Demon Slayer, My Hero Academia, Attack on Titan, Konosuba, Hunter x Hunter, and OG Nichijou (My Ordinary Life)  Instagram Humor, Brainrot humor 2010-2025, Filthyfrank, Key and Peele, Dave Chappelle, Impractical Jokers.  I Also play Valo, GTA 5, Tekken 8 and Stardew Valley, Wild Rift, Minecraft and TFT  I hope we could be friends :3 ",2026-02-07T04:04:40Z
brainrot,natural-drift,informal,after,r/anti_sab ,2026-02-07T04:04:18Z
brainrot,natural-drift,informal,after,https://preview.redd.it/xx75lx7oz0eg1.png?width=3375&format=png&auto=webp&s=d954b662cdc667a68cc281968f846cf9e70f1a8c  [badz (vouches)](https://www.reddit.com/u/badzzzzz_19/s/0S6K3VovhD)  [soleya (vouches)](https://www.reddit.com/u/soleyaa/s/vjWt4TlK4A)  [✧⁠\*⁠。badz (proof of sales)](https://www.reddit.com/u/badzzzzz_19/s/bTdHlZlK2O)  [✧⁠\*⁠。soleya (proof of sales)](https://www.reddit.com/user/soleyaa/comments/1p6cle5/hey_gag_friends_please_check_out_my_proof_of/?utm_source=share&utm_medium=web3x&utm_name=web3xcss&utm_term=1&utm_content=share_button)  you can message u/badzzzzz_19 or u/soleyaa 💌,2026-02-07T04:00:46Z
brainrot,natural-drift,informal,after,"It isn’t even small too, it’s a massive subreddit with 3 hacking incidents recently",2026-02-07T03:36:44Z
brainrot,natural-drift,informal,after,I Keep seeing This Ass Italian Brainrot all the time,2026-02-07T03:20:58Z
brainrot,natural-drift,informal,after,https://preview.redd.it/ghk7dru601eg1.png?width=3375&format=png&auto=webp&s=100b58d44cfd28b275c58c63c5f33ab70f13bf92  kindly see proof of sales and vouches [here](https://www.reddit.com/u/soleyaa/s/mdD3UZ7x3L) (⁠◠⁠‿⁠・⁠)⁠—⁠☆,2026-02-07T03:10:30Z
brainrot,natural-drift,informal,after,https://preview.redd.it/syfeww8xytbg1.png?width=3375&format=png&auto=webp&s=cd494939cf8d4ef260170a51886c05eb85e4c034  [badz (vouches)](https://www.reddit.com/u/badzzzzz_19/s/0S6K3VovhD)  [soleya (vouches)](https://www.reddit.com/u/soleyaa/s/vjWt4TlK4A)  [✧⁠\*⁠。badz (proof of sales)](https://www.reddit.com/u/badzzzzz_19/s/bTdHlZlK2O)  [✧⁠\*⁠。soleya (proof of sales)](https://www.reddit.com/user/soleyaa/comments/1p6cle5/hey_gag_friends_please_check_out_my_proof_of/?utm_source=share&utm_medium=web3x&utm_name=web3xcss&utm_term=1&utm_content=share_button)  you can message [u/badzzzzz\_19](https://www.reddit.com/user/badzzzzz_19/) or [u/soleyaa](https://www.reddit.com/user/soleyaa/) 💌,2026-02-07T03:00:54Z
brainrot,natural-drift,informal,after,Rules:   \- you get one guess  \- have fun  \- guess the lucky rot “BRAINROT GOD”  Winner will get this toxic gara 👍,2026-02-07T03:00:00Z
brainrot,natural-drift,informal,after,https://preview.redd.it/q3q362hrz0eg1.png?width=3375&format=png&auto=webp&s=cb31be9718c085b3408c68c4cdf97e1fd3cc93a5  kindly see proof of sales and vouches [here](https://www.reddit.com/u/soleyaa/s/mdD3UZ7x3L) (⁠◠⁠‿⁠・⁠)⁠—⁠☆,2026-02-07T02:50:31Z
brainrot,natural-drift,informal,after,Brainrot Virus is a short horror fillm that explores what happens when people get exposed by brainrot and how their addiction will turn them into a mindless monster.,2026-02-07T02:48:21Z
brainrot,natural-drift,informal,after,https://preview.redd.it/444i9g8kz0eg1.png?width=3375&format=png&auto=webp&s=957ae14c021c496fba91f34c8ab9ebb250276503  [badz (vouches)](https://www.reddit.com/u/badzzzzz_19/s/0S6K3VovhD)  [soleya (vouches)](https://www.reddit.com/u/soleyaa/s/vjWt4TlK4A)  [✧⁠\*⁠。badz (proof of sales)](https://www.reddit.com/u/badzzzzz_19/s/bTdHlZlK2O)  [✧⁠\*⁠。soleya (proof of sales)](https://www.reddit.com/user/soleyaa/comments/1p6cle5/hey_gag_friends_please_check_out_my_proof_of/?utm_source=share&utm_medium=web3x&utm_name=web3xcss&utm_term=1&utm_content=share_button)  you can message u/badzzzzz_19 or u/soleyaa 💌,2026-02-07T02:30:38Z
brainrot,natural-drift,informal,after,https://preview.redd.it/ob3i8wfiz0eg1.png?width=3375&format=png&auto=webp&s=ccef68daed297e0b56070baf4863122daeed2251  kindly see proof of sales and vouches [here](https://www.reddit.com/u/soleyaa/s/mdD3UZ7x3L) (⁠◠⁠‿⁠・⁠)⁠—⁠☆,2026-02-07T02:28:32Z
brainrot,natural-drift,informal,after,"THE GOLDEN DANDELION- WHICH IS A GOLDEN DANDELION- but it doesn't spawn naturally- you craft it with gold nuggets, and you feed it to a baby mob, TO KEEP IT A BABY FOREVER. Or until you feed it another one- and it can grow up-",2026-02-07T02:26:51Z
brainrot,natural-drift,informal,after,https://preview.redd.it/xx75lx7oz0eg1.png?width=3375&format=png&auto=webp&s=d954b662cdc667a68cc281968f846cf9e70f1a8c  [badz (vouches)](https://www.reddit.com/u/badzzzzz_19/s/0S6K3VovhD)  [soleya (vouches)](https://www.reddit.com/u/soleyaa/s/vjWt4TlK4A)  [✧⁠\*⁠。badz (proof of sales)](https://www.reddit.com/u/badzzzzz_19/s/bTdHlZlK2O)  [✧⁠\*⁠。soleya (proof of sales)](https://www.reddit.com/user/soleyaa/comments/1p6cle5/hey_gag_friends_please_check_out_my_proof_of/?utm_source=share&utm_medium=web3x&utm_name=web3xcss&utm_term=1&utm_content=share_button)  you can message u/badzzzzz_19 or u/soleyaa 💌,2026-02-07T02:01:04Z
brainrot,natural-drift,informal,after,Ft Pipi broccoli aka the koala broccoli thing,2026-02-07T01:54:30Z
brainrot,natural-drift,informal,after,pot cupid,2026-02-07T01:41:28Z
brainrot,natural-drift,informal,after,is cortisol brainrot now,2026-02-07T01:25:10Z
brainrot,natural-drift,informal,after,"I say this because we were obviously, the last to graduate this decade, last to be in Middle School during the Rise of AI and Brainrot, Last to remember 2016 completely, and Last to be in High School during the Big 25.",2026-02-07T01:17:53Z
brainrot,natural-drift,informal,after,This plateform has become something I don’t recognize. I joined 1 year ago looking for a fun chaotic game but with all this age verification bs I’m am so done. The plateform Is filled with brainrot cash grab games. At this point I think the devs a trying to kill the game     goodbye Roblox,2026-02-07T01:12:07Z
brainrot,natural-drift,informal,after,https://preview.redd.it/ghk7dru601eg1.png?width=3375&format=png&auto=webp&s=100b58d44cfd28b275c58c63c5f33ab70f13bf92  kindly see proof of sales and vouches [here](https://www.reddit.com/u/soleyaa/s/mdD3UZ7x3L) (⁠◠⁠‿⁠・⁠)⁠—⁠☆,2026-02-07T01:10:37Z
brainrot,natural-drift,informal,after,"First of all Thanks to TheUsername-IsTaken and all people under the post of defending me and shwoing how this comunity can be this toxic.  I myself found this game  while searching  for a game that i can grind and to play something that isnt flooded with brainrots or any low effort cash grabing game, when i saw this game at 60k players i knew this game is what i was looking for i joined with zero knowledge of any mechanics of this game apart the rng roll part,at the time i started playing i had no idea what one on reddit can cause,i am a 18 years old with adhd and without school due to (my mentality being really bad) i hoped this game would be my escape from reality for a while till my adhd gets bored of it  so i started playing and really enjoyed this game than came the aura i had NO IDEA of how rare aura can get in this game thats what led to the post,in meantime i was so happy to share (with what i thought is a nice friendly comunity) my aura and ask if its rare because i had no idea if it is rare, than the avalanche of negativity happenen,answering to all the post made me so energy drained that i to this day cant properly sleep (i was answering comment to five in the morning) than it all stop finally no one was seeing my post and i was feeling better but when i hopped back into the game i kept stil thinking about the comments and it made so destroyed and anoyed that i had to abandon the game that i enjoyed due to its toxic fandom ,with this post i will fight for a greater fandom and comunity also mods please take care of this subreddit more i did kinda get out of the nightmare but i am 18 i am adult what if people like the assholes that was toxic to me are toxic to kids who ask the same thing you let that be? please do something about i know you can do it , i know we can do it  And once again huge thank you to TheUsername-IsTaken and for the support!",2026-02-07T01:08:17Z
brainrot,natural-drift,informal,after,https://preview.redd.it/syfeww8xytbg1.png?width=3375&format=png&auto=webp&s=cd494939cf8d4ef260170a51886c05eb85e4c034  [badz (vouches)](https://www.reddit.com/u/badzzzzz_19/s/0S6K3VovhD)  [soleya (vouches)](https://www.reddit.com/u/soleyaa/s/vjWt4TlK4A)  [✧⁠\*⁠。badz (proof of sales)](https://www.reddit.com/u/badzzzzz_19/s/bTdHlZlK2O)  [✧⁠\*⁠。soleya (proof of sales)](https://www.reddit.com/user/soleyaa/comments/1p6cle5/hey_gag_friends_please_check_out_my_proof_of/?utm_source=share&utm_medium=web3x&utm_name=web3xcss&utm_term=1&utm_content=share_button)  you can message [u/badzzzzz\_19](https://www.reddit.com/user/badzzzzz_19/) or [u/soleyaa](https://www.reddit.com/user/soleyaa/) 💌,2026-02-07T01:00:55Z
brainrot,natural-drift,informal,after,"It will be as old as its ""intended"" viewerbase soon",2026-02-07T00:55:44Z
brainrot,natural-drift,informal,after,https://preview.redd.it/q3q362hrz0eg1.png?width=3375&format=png&auto=webp&s=cb31be9718c085b3408c68c4cdf97e1fd3cc93a5  kindly see proof of sales and vouches [here](https://www.reddit.com/u/soleyaa/s/mdD3UZ7x3L) (⁠◠⁠‿⁠・⁠)⁠—⁠☆,2026-02-07T00:50:29Z
brainrot,natural-drift,informal,after,I already have 140 Brainrots Carnival! Let's go for the whole collection! 🤜🏻🤛🏻,2026-02-07T00:41:27Z
brainrot,natural-drift,informal,after,I already have 140 Brainrots Carnival! Let's go for the complete collection 🤜🏻🤛🏻,2026-02-07T00:40:33Z
brainrot,natural-drift,informal,after,https://preview.redd.it/444i9g8kz0eg1.png?width=3375&format=png&auto=webp&s=957ae14c021c496fba91f34c8ab9ebb250276503  [badz (vouches)](https://www.reddit.com/u/badzzzzz_19/s/0S6K3VovhD)  [soleya (vouches)](https://www.reddit.com/u/soleyaa/s/vjWt4TlK4A)  [✧⁠\*⁠。badz (proof of sales)](https://www.reddit.com/u/badzzzzz_19/s/bTdHlZlK2O)  [✧⁠\*⁠。soleya (proof of sales)](https://www.reddit.com/user/soleyaa/comments/1p6cle5/hey_gag_friends_please_check_out_my_proof_of/?utm_source=share&utm_medium=web3x&utm_name=web3xcss&utm_term=1&utm_content=share_button)  you can message u/badzzzzz_19 or u/soleyaa 💌,2026-02-07T00:30:38Z
brainrot,natural-drift,informal,after,https://preview.redd.it/ob3i8wfiz0eg1.png?width=3375&format=png&auto=webp&s=ccef68daed297e0b56070baf4863122daeed2251  kindly see proof of sales and vouches [here](https://www.reddit.com/u/soleyaa/s/mdD3UZ7x3L) (⁠◠⁠‿⁠・⁠)⁠—⁠☆,2026-02-07T00:28:14Z
brainrot,natural-drift,informal,after,Info:  rosey and teddy will be the op one in the heart block  rosey and teddy will make 165M per second  Luv luv luv is the worst in the heart lucky block and it a brainrot god  EDIT: Floretti Tualetti real name is Rosetti Tualetti (btw i got the name from the wiki),2026-02-07T00:06:25Z
brainrot,natural-drift,informal,after,https://preview.redd.it/xx75lx7oz0eg1.png?width=3375&format=png&auto=webp&s=d954b662cdc667a68cc281968f846cf9e70f1a8c  [badz (vouches)](https://www.reddit.com/u/badzzzzz_19/s/0S6K3VovhD)  [soleya (vouches)](https://www.reddit.com/u/soleyaa/s/vjWt4TlK4A)  [✧⁠\*⁠。badz (proof of sales)](https://www.reddit.com/u/badzzzzz_19/s/bTdHlZlK2O)  [✧⁠\*⁠。soleya (proof of sales)](https://www.reddit.com/user/soleyaa/comments/1p6cle5/hey_gag_friends_please_check_out_my_proof_of/?utm_source=share&utm_medium=web3x&utm_name=web3xcss&utm_term=1&utm_content=share_button)  you can message u/badzzzzz_19 or u/soleyaa 💌,2026-02-07T00:01:41Z
brainrot,natural-drift,informal,after,https://youtube.com/@bananabloxde?si=E1842Dv-\_Og-3gVF,2026-02-06T23:35:25Z
brainrot,natural-drift,informal,after,"if brainrot does not have a caption, it means the brainrot has no official name yet.",2026-02-06T23:31:46Z
brainrot,natural-drift,informal,after,https://preview.redd.it/ghk7dru601eg1.png?width=3375&format=png&auto=webp&s=100b58d44cfd28b275c58c63c5f33ab70f13bf92  kindly see proof of sales and vouches [here](https://www.reddit.com/u/soleyaa/s/mdD3UZ7x3L) (⁠◠⁠‿⁠・⁠)⁠—⁠☆,2026-02-06T23:10:31Z
brainrot,natural-drift,informal,after,https://preview.redd.it/syfeww8xytbg1.png?width=3375&format=png&auto=webp&s=cd494939cf8d4ef260170a51886c05eb85e4c034  [badz (vouches)](https://www.reddit.com/u/badzzzzz_19/s/0S6K3VovhD)  [soleya (vouches)](https://www.reddit.com/u/soleyaa/s/vjWt4TlK4A)  [✧⁠\*⁠。badz (proof of sales)](https://www.reddit.com/u/badzzzzz_19/s/bTdHlZlK2O)  [✧⁠\*⁠。soleya (proof of sales)](https://www.reddit.com/user/soleyaa/comments/1p6cle5/hey_gag_friends_please_check_out_my_proof_of/?utm_source=share&utm_medium=web3x&utm_name=web3xcss&utm_term=1&utm_content=share_button)  you can message [u/badzzzzz\_19](https://www.reddit.com/user/badzzzzz_19/) or [u/soleyaa](https://www.reddit.com/user/soleyaa/) 💌,2026-02-06T23:01:25Z
brainrot,natural-drift,informal,after,hello there im a senior slop reader and ive read the most of the og brainrot slop manhuas (yes all of the ogs ) after reading so many i grew to hate this genre mostly cause the authors seems to really want to have a harem irl but they cant but i still read the good ones anyways ive reached a point where i dont have much to read cause im letting many marinate so im here to ask some rec for the new slop manhuas or maybe good ones althought ive read the good ones (except top tier providence i dont like it),2026-02-06T22:57:28Z
brainrot,natural-drift,informal,after,https://preview.redd.it/q3q362hrz0eg1.png?width=3375&format=png&auto=webp&s=cb31be9718c085b3408c68c4cdf97e1fd3cc93a5  kindly see proof of sales and vouches [here](https://www.reddit.com/u/soleyaa/s/mdD3UZ7x3L) (⁠◠⁠‿⁠・⁠)⁠—⁠☆,2026-02-06T22:50:23Z
brainrot,natural-drift,informal,after,I’m selling recreated games:  \- Find fish  \- Shoot a Brainrot  \- Escape tsunami  (I have more but they are the main things)  DM ME PRICES!,2026-02-06T22:31:28Z
brainrot,natural-drift,informal,after,https://preview.redd.it/444i9g8kz0eg1.png?width=3375&format=png&auto=webp&s=957ae14c021c496fba91f34c8ab9ebb250276503  [badz (vouches)](https://www.reddit.com/u/badzzzzz_19/s/0S6K3VovhD)  [soleya (vouches)](https://www.reddit.com/u/soleyaa/s/vjWt4TlK4A)  [✧⁠\*⁠。badz (proof of sales)](https://www.reddit.com/u/badzzzzz_19/s/bTdHlZlK2O)  [✧⁠\*⁠。soleya (proof of sales)](https://www.reddit.com/user/soleyaa/comments/1p6cle5/hey_gag_friends_please_check_out_my_proof_of/?utm_source=share&utm_medium=web3x&utm_name=web3xcss&utm_term=1&utm_content=share_button)  you can message u/badzzzzz_19 or u/soleyaa 💌,2026-02-06T22:30:34Z
brainrot,natural-drift,informal,after,I’m selling recreated games:  \- Find fish  \- Shoot a Brainrot  \- Escape tsunami  (I have more but they are the main things)  DM ME PRICES!,2026-02-06T22:30:15Z
brainrot,natural-drift,informal,after,https://preview.redd.it/ob3i8wfiz0eg1.png?width=3375&format=png&auto=webp&s=ccef68daed297e0b56070baf4863122daeed2251  kindly see proof of sales and vouches [here](https://www.reddit.com/u/soleyaa/s/mdD3UZ7x3L) (⁠◠⁠‿⁠・⁠)⁠—⁠☆,2026-02-06T22:28:29Z
brainrot,natural-drift,informal,after,"Hey chat! I am a 22F living in the UK. Just got out of a very toxic friendship and have been wanting to make new long term friends!   A little bit about me: I am currently a Masters student in Public Policy and work as a Government policy researcher for another University. Outside of my boring job, I am very interested in history, fashion, food, YouTube drama (my fav slop lol), and tiktok brainrot (T-T) I love SOL movies and also Twilight B). But can talk just about anything really.   I communicate through Discord! And while at first I do prefer messaging, I don't mind VC after getting to know eachother :)  I am a very open and chatty person! But I do appreciate mutual effort, and to build a genuine connection. I am happy to befriend anyone (individual or a friend group). Also I, despite my job, am not political and would appreciate to stay that way.   I am a cozy game enthusiast! I play on the PS5, Switch, and my PC. I am always happy to try out new games. I am avaliable mainly during evenings (excluding Wednesdays) and weekends usually.   Current games I play: Minecraft, Stardew valley, Heartopia, R.E.P.O, PEAK, House Flipper 2, Pokemon Violet, HK: silksong, Animal Crossing, Marvel Rivals (I am a Jeff main and I suck at the game btw) am open to trying more games but I do suck at pvp games I fear.   If this fits your niche I would love to hear from you! ",2026-02-06T22:23:24Z
brainrot,natural-drift,informal,after,https://preview.redd.it/xx75lx7oz0eg1.png?width=3375&format=png&auto=webp&s=d954b662cdc667a68cc281968f846cf9e70f1a8c  [badz (vouches)](https://www.reddit.com/u/badzzzzz_19/s/0S6K3VovhD)  [soleya (vouches)](https://www.reddit.com/u/soleyaa/s/vjWt4TlK4A)  [✧⁠\*⁠。badz (proof of sales)](https://www.reddit.com/u/badzzzzz_19/s/bTdHlZlK2O)  [✧⁠\*⁠。soleya (proof of sales)](https://www.reddit.com/user/soleyaa/comments/1p6cle5/hey_gag_friends_please_check_out_my_proof_of/?utm_source=share&utm_medium=web3x&utm_name=web3xcss&utm_term=1&utm_content=share_button)  you can message u/badzzzzz_19 or u/soleyaa 💌,2026-02-06T22:01:09Z
brainrot,natural-drift,informal,after,I was having a horrible darkness event. Like only a single lucky brainrot god rot walked out. Then less than a minute left a darkness dragon walked out!,2026-02-06T21:56:28Z
brainrot,natural-drift,informal,after,Inspired by a discussion i had with virgate a couple days ago,2026-02-06T21:22:08Z
brainrot,natural-drift,informal,after,and if u script im posting u and reporting u (:,2026-02-06T21:12:31Z
brainrot,natural-drift,informal,after,https://preview.redd.it/ghk7dru601eg1.png?width=3375&format=png&auto=webp&s=100b58d44cfd28b275c58c63c5f33ab70f13bf92  kindly see proof of sales and vouches [here](https://www.reddit.com/u/soleyaa/s/mdD3UZ7x3L) (⁠◠⁠‿⁠・⁠)⁠—⁠☆,2026-02-06T21:10:34Z
brainrot,natural-drift,informal,after,https://preview.redd.it/syfeww8xytbg1.png?width=3375&format=png&auto=webp&s=cd494939cf8d4ef260170a51886c05eb85e4c034  [badz (vouches)](https://www.reddit.com/u/badzzzzz_19/s/0S6K3VovhD)  [soleya (vouches)](https://www.reddit.com/u/soleyaa/s/vjWt4TlK4A)  [✧⁠\*⁠。badz (proof of sales)](https://www.reddit.com/u/badzzzzz_19/s/bTdHlZlK2O)  [✧⁠\*⁠。soleya (proof of sales)](https://www.reddit.com/user/soleyaa/comments/1p6cle5/hey_gag_friends_please_check_out_my_proof_of/?utm_source=share&utm_medium=web3x&utm_name=web3xcss&utm_term=1&utm_content=share_button)  you can message [u/badzzzzz\_19](https://www.reddit.com/user/badzzzzz_19/) or [u/soleyaa](https://www.reddit.com/user/soleyaa/) 💌,2026-02-06T21:00:41Z
brainrot,natural-drift,informal,after,"Ooops, sorry thought Smackdown had already aired.   I'll just copy and paste for tonight.  Thank you, Tony. ",2026-02-06T20:55:43Z
brainrot,natural-drift,informal,after,https://preview.redd.it/q3q362hrz0eg1.png?width=3375&format=png&auto=webp&s=cb31be9718c085b3408c68c4cdf97e1fd3cc93a5  kindly see proof of sales and vouches [here](https://www.reddit.com/u/soleyaa/s/mdD3UZ7x3L) (⁠◠⁠‿⁠・⁠)⁠—⁠☆,2026-02-06T20:50:38Z
brainrot,natural-drift,informal,after,https://preview.redd.it/444i9g8kz0eg1.png?width=3375&format=png&auto=webp&s=957ae14c021c496fba91f34c8ab9ebb250276503  [badz (vouches)](https://www.reddit.com/u/badzzzzz_19/s/0S6K3VovhD)  [soleya (vouches)](https://www.reddit.com/u/soleyaa/s/vjWt4TlK4A)  [✧⁠\*⁠。badz (proof of sales)](https://www.reddit.com/u/badzzzzz_19/s/bTdHlZlK2O)  [✧⁠\*⁠。soleya (proof of sales)](https://www.reddit.com/user/soleyaa/comments/1p6cle5/hey_gag_friends_please_check_out_my_proof_of/?utm_source=share&utm_medium=web3x&utm_name=web3xcss&utm_term=1&utm_content=share_button)  you can message u/badzzzzz_19 or u/soleyaa 💌,2026-02-06T20:30:11Z
brainrot,natural-drift,informal,after,https://preview.redd.it/ob3i8wfiz0eg1.png?width=3375&format=png&auto=webp&s=ccef68daed297e0b56070baf4863122daeed2251  kindly see proof of sales and vouches [here](https://www.reddit.com/u/soleyaa/s/mdD3UZ7x3L) (⁠◠⁠‿⁠・⁠)⁠—⁠☆,2026-02-06T20:28:32Z
brainrot,natural-drift,informal,after,"Hey chat! I am a 22F living in the UK. Unfortunately, my friends are not gamers :( so I am looking to make new (20+) friends to partake in new adventures!  If you are curious about befriending a new gaming buddy, I will gladly tell you more about myself below (sorry if it's quite long! I yap and want to say as much about me as possible)   A little bit about me: I am currently a Masters student in Public Policy and work as a Government policy researcher for another University. Outside of my boring job, I am very interested in history, fashion, food, YouTube drama (my fav slop lol), and tiktok brainrot (T-T) I love SOL movies and also Twilight B). But can talk just about anything really.   I communicate through Discord! And while at first I do prefer messaging, I don't mind VC after getting to know eachother :)  I am a very open and chatty person! But I do appreciate genuine mutual effort (pls no ghosting after a week :( ) , and to build a genuine connection. I am happy to befriend both individually or a small friend group. Also I despite my job, I am not political and would appreciate to stay that way.   I am a cozy game enthusiast! I play on the PS5, Switch, and my PC. I am always happy to try out new games. I am avaliable mainly during evenings (excluding Wednesdays) and weekends usually.   Current games I play: Minecraft, Stardew valley, Heartopia, R.E.P.O, PEAK, House Flipper 2, Pokemon Violet, HK: silksong, Animal Crossing, Marvel Rivals (I am a Jeff main and I suck at the game btw) and open to try more!   If this fits your niche I would love to hear from you! ",2026-02-06T20:27:57Z
brainrot,natural-drift,informal,after,"I've been browsing through this subreddit a lot. One thing I've always noticed is that a lot of powerscalers, if not, most powerscalers are consistently change their stances. When someone does not change their stances, they're slandered for not changing their stances.  Question, what do we do here and why discuss and change people's minds or change our minds on certain opinions? Are we just here to scale ? I've always been against letting it out and brick walling. A lot of my takes have been good before. But so many people love the concept of growth and development, and like you when you are knowledgeable and right.  I remember in the middle of the dabura v/s mahoraga fight , Karaba disproved the ""Dabura isn't top 2 , he loses to the fallen top 2 mid diff"" agenda. I went and took screenshots of some people's badly aged post that titled ""How it feels betting against Dabura in the mahoraga fight"" or ""Dabura is cooked"" where it states a whole bunch of badly aged and outright debunked predictions. I brought it to the posters attention, and they immediately took it back and we held hands in joy. The Humility of a powerscaler.  Today I did not make a post. I was not saying some things about the disaster curses, someone did not comment. Going to say names, u/farad1861 Their takes were good, I disliked them being a bottom of the barrel powerscaler and they did not take accountability of it and realize they were wrong and they hit me in the ass thrice. They did ego it out. They simply were. The ego of a powerscaler  Some folks understand what the assignment is. And more folks do understand what humility is. The powerscalers who did not ego'd me continuously brings up how I have ""taken off"", as if this is a career? The one who took ego simply was. He did fight it. He simply did not continue life and continued the hunt for more brainrot.  Why I made this analysis is to share to you why to get so caught up on powerscaling. Have ego, do not be able to learn and change, do not grow and mature your thoughts, do not engage in discussions fairly, and drop the humility. I've not made the same mistakes before, I am above this. I am merely calling out what I've observed and experienced first hand. You are a fraud, you are stupid, you are a coward for changing your stances or growing from it. It actually takes stupidity to realize you were wrong and move on than to accept it out. Remain powerscaling, do not resist stagnation, never continue learning, or you'll end up with the humility of a powerscaler.",2026-02-06T20:27:24Z
brainrot,natural-drift,informal,after,"In a recent post, someone claimed to have been pushed from neutral to anti due to two downvotes. The comment that was cited as having received two downvotes said the following:  >""I don't f\*\*\*ing care about the AI war but can we PLEASE stop making up scenarios.""  The ""made up"" scenario that they were talking about was people claiming random things are ""AI"" generated.  However, 9 months ago, the person said  >""I joined the anti AI revolution"".  18 days ago, the same person had said  >""Can you really blame people for hating AI?"".  As someone who is actually in between the two stances of pro and anti, I dislike people pretending to be or have been in between.  Personally, I consider myself to be in between. I am very strongly against adding ""AI"" to Firefox, even if it can be ""disabled"", because I do not want to be forced to have it on my computer, **yet** I think that it is okay for other people to use ""AI"", as long as they avoid using it for trivial tasks (like generating GIT commit messages or solving homework problems) and generation of brainrot.  I dislike being accused of ""AI slop"" when I write stuff myself, yet I dislike Mozilla trying to shove ""AI"" onto the computers of all Firefox users. Thus, both sides somehow manage to be plenty annoying.  I hate Mozilla's series of bad decisions enough that I have switched to Helium, which is based on Ungoogled Chromium. I have used Firefox as a browser for as long as I have been using a browser, yet I simply refuse to stand for any more bad decisions from Mozilla.",2026-02-06T20:27:15Z
brainrot,natural-drift,informal,after,"Helloooo I’m Dillon from the UK, I’m looking to play one or multiple of these games with someone chill.   League (I play on euw) I’ve been playing since 2014 but took a 2 year break until recently, was always an aram player so aram mayhem has been super fun to get back into so far. As for Nightreign I usually prefer to play deep of night, any depth is fine since I’ve reached 5 before but find 3 the most fun. I’ve only played 2 matches of deadlock and did horribly so I’d like someone to learn it with, doing it solo sounds painful;/ it looks really fun once you get into it   Some context for my vibes - I’m definitely an introvert but welcome yappers and other introverts alike, I enjoy both playing with casual talk or with little said between us, I never find it awkward but instead chill. Very open minded, LGBT+ friendly (not gay though, sorry lads) and politically left with a dark+memey sense of humour. I doomscroll insta & tt a lot so maybe just a tad brainrotted too  Outside of that I just enjoy cats, anime, yt, twitch and movies. I’m currently searching for work so have wayyy too much free time  Comment or dm a little about you & maybe we can try a few matches of something together, ty!",2026-02-06T20:26:39Z
brainrot,natural-drift,informal,after,https://preview.redd.it/xx75lx7oz0eg1.png?width=3375&format=png&auto=webp&s=d954b662cdc667a68cc281968f846cf9e70f1a8c  [badz (vouches)](https://www.reddit.com/u/badzzzzz_19/s/0S6K3VovhD)  [soleya (vouches)](https://www.reddit.com/u/soleyaa/s/vjWt4TlK4A)  [✧⁠\*⁠。badz (proof of sales)](https://www.reddit.com/u/badzzzzz_19/s/bTdHlZlK2O)  [✧⁠\*⁠。soleya (proof of sales)](https://www.reddit.com/user/soleyaa/comments/1p6cle5/hey_gag_friends_please_check_out_my_proof_of/?utm_source=share&utm_medium=web3x&utm_name=web3xcss&utm_term=1&utm_content=share_button)  you can message u/badzzzzz_19 or u/soleyaa 💌,2026-02-06T20:02:13Z
brainrot,natural-drift,informal,after,I don't get it?,2026-02-06T19:56:52Z
brainrot,natural-drift,informal,after,thoughts?,2026-02-06T19:53:58Z
brainrot,natural-drift,informal,after,RIP Sypher's Brain (1996-2026),2026-02-06T19:43:37Z
brainrot,natural-drift,informal,after,"Aside the bluesky-like situation, i wanna play because there are some legit good games (unlike Roblox that's just full of brainrot).   I have some friends and my siblings that i play Roblox with, so i would love to try Polytoria out. But i can't even try it for myself... I don't wanna risk it by disappointing them.",2026-02-06T19:39:44Z
brainrot,natural-drift,informal,after,https://i.redd.it/5bbiutjagxhg1.gif  ,2026-02-06T19:39:37Z
brainrot,natural-drift,informal,after,just wanted yall opinions :3,2026-02-06T19:21:41Z
brainrot,natural-drift,informal,after,https://preview.redd.it/ghk7dru601eg1.png?width=3375&format=png&auto=webp&s=100b58d44cfd28b275c58c63c5f33ab70f13bf92  kindly see proof of sales and vouches [here](https://www.reddit.com/u/soleyaa/s/mdD3UZ7x3L) (⁠◠⁠‿⁠・⁠)⁠—⁠☆,2026-02-06T19:10:30Z
brainrot,natural-drift,informal,after,https://preview.redd.it/syfeww8xytbg1.png?width=3375&format=png&auto=webp&s=cd494939cf8d4ef260170a51886c05eb85e4c034  [badz (vouches)](https://www.reddit.com/u/badzzzzz_19/s/0S6K3VovhD)  [soleya (vouches)](https://www.reddit.com/u/soleyaa/s/vjWt4TlK4A)  [✧⁠\*⁠。badz (proof of sales)](https://www.reddit.com/u/badzzzzz_19/s/bTdHlZlK2O)  [✧⁠\*⁠。soleya (proof of sales)](https://www.reddit.com/user/soleyaa/comments/1p6cle5/hey_gag_friends_please_check_out_my_proof_of/?utm_source=share&utm_medium=web3x&utm_name=web3xcss&utm_term=1&utm_content=share_button)  you can message [u/badzzzzz\_19](https://www.reddit.com/user/badzzzzz_19/) or [u/soleyaa](https://www.reddit.com/user/soleyaa/) 💌,2026-02-06T19:01:57Z
brainrot,natural-drift,informal,after,"One of the only things that gets me through the workday without dangling in my boss’ doorway is knowing there’s always a fresh pile of Barstool slop waiting for me the second I’m out the door.  No need to pretend I’m above it. I’m in it. I’ve got my routine. Don’t worry about it.  I’m on the train home, chowing down on Picks Central clips, firing off some tweets, shooting the shit in the subreddit threads. Just trying to catch up on all the laughs I missed while providing shareholder value.  I always save IG for last, because that’s where everything shines brightest.  The first post I see when I open the app is from Barstool Gambling (@BarstoolGambling).  They dropped one of those “Build Your $15 Super Bowl Party” graphics. These things are basically made for people like me, and this one broke my brain a little.  https://preview.redd.it/dx1p75id8xhg1.png?width=514&format=png&auto=webp&s=6efeace91ee617f01448296ddfdb8d6debd6e781  Look at that. Pretty much all my favorite things in one picture. Could a brotha really ask for more?  For a lesser Stoolie, allocating that $15 would probably take days. You’d be running scenarios. Calling your friends. Losing sleep.  Me? I’m always locked in.  The grid spoke to me. It knew what a pig like me needed:  My couch. Two XL pies. BANG Energy. SGP. Jersey Jerry.  That’s it. That’s the Big Game. I just need my girlfriend to find somewhere else to be Sunday night, and I need Jerry sprawled out to his heart’s content.  Next thing I know, the game’s on.  Crowd’s roaring. Pizza is smacking. The SGP is already 1-for-6 in the first quarter. I’m cracking open my third BANG! Energy, still not buzzing hard enough yet.  Jerry is foaming at the mouth, shouting obscenities that Gilly and Rallo would NOT be happy about.  Life is good.  Then I blink.  I’m back on the god damn train, and the usual suspects are acting up: an orchestra of speakerphones, dozens of foreign languages, TikTok brainrot.  It feels like I got a glimpse of heaven, only to get dragged straight back down into DEI hell.  I’m hunched over in my seat, eyes darting, trying to get my head on straight. I cannot process anything at this point.  Why wasn’t I on my couch? What happened to the XL pies? Where the hell did Jerry go?  The thoughts are running laps. The noise is stacking. I can feel myself losing my edge.  So I do what any reasonable commuter does. I reach deep into my bag for the only thing that can shut the world up.  “Fuck you. Fuck this. Where is Jerry?”  As I’m muttering to myself, I notice people around me tensing up. A couple of them even move to the next car.  Good.  I keep digging. I take my time. I’m not rushing. I’m not explaining myself to anyone. Why would I? The only thing I care about right now is getting back to the slop and drowning this place out before I give a crash course on what the Stool and Stripes are about.  Then I finally pull out what I’m looking for.  Headphones.  I put them on, and the whole car immediately goes back to acting like animals.  I still can’t make heads or tails of what’s real and what isn’t, but I get back to scrolling, because that’s the job. You can’t let anything get past you. Not when you’re tapped in like this.  And then the Super Bowl post popped back up.  I didn’t refresh or go looking for it. It just reappeared like a reminder, like it was checking in to make sure I understood I wasn’t done.     This is happening. We are happening, Jerry.  And that’s when I realized I had only spent $14 of the $15 allotted to me.  Fourteen dollars for the perfect Super Bowl, and I still had a whole dollar left.  A full extra slot.  A final pick.  And the second that thought hit my brain, I knew exactly what was coming.  Because there is only one human being on earth who costs one dollar and ruins everything.  That’s when the King of the South himself appeared.  I didn’t invite him. I didn’t budget for him. He just showed up like he’s my roommate getting off a long shift.  No hello. No “hey fellas.” He asks what the food situation is, but this asshole already has two slices in his hands.  Then he starts nodding at the TV like he’s got inside info. Like he’s got sources. Like he’s about to break a story, and before I can even process what’s happening, he looks at me and goes, “So what we got in the parlay, fellas?”  And suddenly it’s not even my SGP anymore. Maybe it never was.  It’s a three-man committee. Jerry’s got a leg. Mintzy’s got a leg. I’m pretty sure my leg has been scrapped. Jerry keeps talking about all the signs. Mintzy keeps saying “I got a feelin.”  And then, finally, Mintzy turns to me. Like he just remembered I exist.  He goes, real casual, “Hey brother… you mind if I invite a couple buddies over?”  Buddies. BUDDIES?  That’s when I realize what’s actually happening here.  This isn’t a Super Bowl party anymore, this is Mintzy taking root like the narcissistic plague he is.  Because in Mintzy’s mind, he’s not intruding. He’s improving the vibe. He’s “getting the fellas together.” He thinks he’s doing me a favor.  My brain starts overheating. My vision narrows. I’m looking around the room like I’m trying to locate literally anything that can restore order.  I built the perfect $15 Super Bowl! Clean. Simple. One couch. Two pies. One SGP. One Jersey Jerry.  And now I’m being asked if we can add Mintzy’s jam band buddies to the mix??  No.  No, Ben.  This is it. This is the end for all of us.  My mind goes dark with rage.  I blink.  Back on the train.  The doors open.  We’re at my stop.  I stand up and walk off like nothing happened.  And as I step onto the platform, I check my phone one last time.  The grid is still there.  Still talking to me.  Home. Pizza. Jerry. SGP. BANG. Slop. Viva. Mintzy. King of the South. My couch. XL pies. VIVA VIVA VIVA VIVA.  It’s not my fault. The grid chose.",2026-02-06T18:55:47Z
brainrot,natural-drift,informal,after,"Everything has been discounted already!  * La Ginger Sekolah 600M/s - $9 * Ketupat Kepat Diamond 227M/s - $5 * Garama and Madundung 50M/s - $8 * Spooky and Pumpky 80M/s - $10 * Nuclearo Dinossauro Lava 90M/s - $3  FREE Mid-Tier Secrets for every purchase!      Always willing to use midman/midwoman; we can do outside or within this platform. Via remitly, wise, skrill, paypal, bank transfer, gcash.  DM or comment down below!",2026-02-06T18:53:50Z
brainrot,natural-drift,informal,after,u/ujustdiedtoamom,2026-02-06T18:51:07Z
brainrot,natural-drift,informal,after,https://preview.redd.it/q3q362hrz0eg1.png?width=3375&format=png&auto=webp&s=cb31be9718c085b3408c68c4cdf97e1fd3cc93a5  kindly see proof of sales and vouches [here](https://www.reddit.com/u/soleyaa/s/mdD3UZ7x3L) (⁠◠⁠‿⁠・⁠)⁠—⁠☆,2026-02-06T18:50:31Z
brainrot,natural-drift,informal,after,"Everything has been discounted already!  * La Ginger Sekolah 600M/s - $9 * Ketupat Kepat Diamond 227M/s - $5 * Garama and Madundung 50M/s - $8 * Spooky and Pumpky 80M/s - $10 * Nuclearo Dinossauro Lava 90M/s - $3  FREE Mid-Tier Secrets for every purchase!  Always willing to use midman/midwoman; we can do outside or within this platform (PA). Via remitly, wise, skrill, paypal, bank transfer, gcash.  DM or comment down below!",2026-02-06T18:49:22Z
brainrot,natural-drift,informal,after,https://preview.redd.it/444i9g8kz0eg1.png?width=3375&format=png&auto=webp&s=957ae14c021c496fba91f34c8ab9ebb250276503  [badz (vouches)](https://www.reddit.com/u/badzzzzz_19/s/0S6K3VovhD)  [soleya (vouches)](https://www.reddit.com/u/soleyaa/s/vjWt4TlK4A)  [✧⁠\*⁠。badz (proof of sales)](https://www.reddit.com/u/badzzzzz_19/s/bTdHlZlK2O)  [✧⁠\*⁠。soleya (proof of sales)](https://www.reddit.com/user/soleyaa/comments/1p6cle5/hey_gag_friends_please_check_out_my_proof_of/?utm_source=share&utm_medium=web3x&utm_name=web3xcss&utm_term=1&utm_content=share_button)  you can message u/badzzzzz_19 or u/soleyaa 💌,2026-02-06T18:30:45Z
brainrot,natural-drift,informal,after,https://preview.redd.it/ob3i8wfiz0eg1.png?width=3375&format=png&auto=webp&s=ccef68daed297e0b56070baf4863122daeed2251  kindly see proof of sales and vouches [here](https://www.reddit.com/u/soleyaa/s/mdD3UZ7x3L) (⁠◠⁠‿⁠・⁠)⁠—⁠☆,2026-02-06T18:28:14Z
brainrot,natural-drift,informal,after,"Hello! I’m new here and wanted to present myself. I’ve always been a Where’s Waldo fan, from childhood to adulthood. I’ve been working for almost two decades developing my own style for Search and Find illustrations and, now, I was finally able to publish my first search and find book focused on kids! It’s called Search and Find Adventures: Halloween and will be published in two months. The basic idea for the book is: each classic Halloween character, like Dracula or Dr. Frankenstein, are throwing their own Halloween party at their houses! So you have to find each of the hosts and some hidden objects.  I would love to hear your thoughts and impressions on this project. I put lots of love and effort to make every inch interesting and full of cool jokes, and would be an honor for me if the Waldo fans happen to enjoy my books too! Even though the book is not available yet, you can already see some of preview pages here: https://www.amazon.com/Search-Find-Kids-Halloween-Tricks/dp/1400353963 Thank you so much!",2026-02-06T18:19:34Z
brainrot,natural-drift,informal,after,I'm sorry,2026-02-06T18:11:52Z
brainrot,natural-drift,informal,after,https://preview.redd.it/xx75lx7oz0eg1.png?width=3375&format=png&auto=webp&s=d954b662cdc667a68cc281968f846cf9e70f1a8c  [badz (vouches)](https://www.reddit.com/u/badzzzzz_19/s/0S6K3VovhD)  [soleya (vouches)](https://www.reddit.com/u/soleyaa/s/vjWt4TlK4A)  [✧⁠\*⁠。badz (proof of sales)](https://www.reddit.com/u/badzzzzz_19/s/bTdHlZlK2O)  [✧⁠\*⁠。soleya (proof of sales)](https://www.reddit.com/user/soleyaa/comments/1p6cle5/hey_gag_friends_please_check_out_my_proof_of/?utm_source=share&utm_medium=web3x&utm_name=web3xcss&utm_term=1&utm_content=share_button)  you can message u/badzzzzz_19 or u/soleyaa 💌,2026-02-06T18:01:17Z
brainrot,natural-drift,informal,after,Im very afraid she will not stop,2026-02-06T17:57:29Z
brainrot,natural-drift,informal,after,I got stolen a rare brainrot by chilli when he helped me transferring my brainrot from my main to my alt and then he putted mine and bodyswapped me i want him to give me his ginger dragon atleast for compensation of this very very very very very very rare brainrot ,2026-02-06T17:49:43Z
brainrot,natural-drift,informal,after,"There was a community for those streamers who always, ALWAYS use the Brainrots tsunami game. The community's goal was to get those streamers banned, but the community disappeared. Does anyone know what happened? Reply if you want.",2026-02-06T17:29:33Z
brainrot,natural-drift,informal,after,A friend of mine invited me to the Brainrots tsunami game. Should I delete him from my friends list? I'm nobody important. Answer the question if you're interested.,2026-02-06T17:27:19Z
brainrot,natural-drift,informal,after,**🌊 silly wuyang clips including landing cool shots and stupid editing**  **I hope you enjoy and if you don't please don't tell me because I'm sensitive okay? byebye**,2026-02-06T17:14:22Z
brainrot,natural-drift,informal,after,https://preview.redd.it/ghk7dru601eg1.png?width=3375&format=png&auto=webp&s=100b58d44cfd28b275c58c63c5f33ab70f13bf92  kindly see proof of sales and vouches [here](https://www.reddit.com/u/soleyaa/s/mdD3UZ7x3L) (⁠◠⁠‿⁠・⁠)⁠—⁠☆,2026-02-06T17:10:32Z
brainrot,natural-drift,informal,after,I find myself saying “ I gotta own the HAYTURZZZ” at least 5 times a day now bc of you guys and I love it. That is it that is all. 😭😭😭 ,2026-02-06T17:05:09Z
brainrot,natural-drift,informal,after,https://preview.redd.it/syfeww8xytbg1.png?width=3375&format=png&auto=webp&s=cd494939cf8d4ef260170a51886c05eb85e4c034  [badz (vouches)](https://www.reddit.com/u/badzzzzz_19/s/0S6K3VovhD)  [soleya (vouches)](https://www.reddit.com/u/soleyaa/s/vjWt4TlK4A)  [✧⁠\*⁠。badz (proof of sales)](https://www.reddit.com/u/badzzzzz_19/s/bTdHlZlK2O)  [✧⁠\*⁠。soleya (proof of sales)](https://www.reddit.com/user/soleyaa/comments/1p6cle5/hey_gag_friends_please_check_out_my_proof_of/?utm_source=share&utm_medium=web3x&utm_name=web3xcss&utm_term=1&utm_content=share_button)  you can message [u/badzzzzz\_19](https://www.reddit.com/user/badzzzzz_19/) or [u/soleyaa](https://www.reddit.com/user/soleyaa/) 💌,2026-02-06T17:02:34Z
brainrot,natural-drift,informal,after,https://preview.redd.it/q3q362hrz0eg1.png?width=3375&format=png&auto=webp&s=cb31be9718c085b3408c68c4cdf97e1fd3cc93a5  kindly see proof of sales and vouches [here](https://www.reddit.com/u/soleyaa/s/mdD3UZ7x3L) (⁠◠⁠‿⁠・⁠)⁠—⁠☆,2026-02-06T16:50:35Z
brainrot,natural-drift,informal,after,Hi there! I am a college student at SCAD and for one of my classes we are researching and creating a product to combat brainrot in young adults who want to reduce their screen time. If you could take this survey that would be greatly appreciated!!,2026-02-06T16:44:04Z
brainrot,natural-drift,informal,after,Hi there! I am a college student at SCAD and for one of my classes we are researching and creating a product to combat brainrot in young adults who want to reduce their screen time. If you could take this survey that would be greatly appreciated!!   📌 TOPIC OF STUDY: Digital media usage and offline activities   👉 TARGET AUDIENCE: Young adults who want to reduce their screen time  ⏳ DURATION: 3-4 minutes  [https://www.surveycircle.com/Z6W5FF/](https://www.surveycircle.com/Z6W5FF/)  [https://forms.gle/joHpiomffWkRPCcf6](https://forms.gle/joHpiomffWkRPCcf6),2026-02-06T16:41:29Z
brainrot,natural-drift,informal,after,Hi there! I am a college student at SCAD and for one of my classes (GRDS 323) we are researching and creating a product to combat brainrot in young adults who want to reduce their screen time. If you could take this survey that would be greatly appreciated!! ,2026-02-06T16:38:37Z
brainrot,natural-drift,informal,after,Hi there! I am a college student at SCAD and for one of my classes we are researching and creating a product to combat brainrot in young adults who want to reduce their screen time. If you could take this survey that would be greatly appreciated!!   [Survey](https://forms.gle/joHpiomffWkRPCcf6),2026-02-06T16:36:44Z
brainrot,natural-drift,informal,after,Hi there! I am a college student at SCAD and for one of my classes we are researching and creating a product to combat brainrot. If you could take this survey that would be greatly appreciated!!   TOPIC: Digital media usage and offline activities  TARGET: Young adults who want to lower their screen time  DURATION: 3-4 minutes  [https://www.surveycircle.com/Z6W5FF/](https://www.surveycircle.com/Z6W5FF/)  [https://forms.gle/joHpiomffWkRPCcf6](https://forms.gle/joHpiomffWkRPCcf6) ,2026-02-06T16:33:21Z
brainrot,natural-drift,informal,after,Hi there! I am a college student at SCAD and for one of my classes we are researching and creating a product to combat brainrot. If you could take this survey that would be greatly appreciated!!   [Origional Survey Link](https://forms.gle/joHpiomffWkRPCcf6),2026-02-06T16:31:16Z
brainrot,natural-drift,informal,after,https://preview.redd.it/444i9g8kz0eg1.png?width=3375&format=png&auto=webp&s=957ae14c021c496fba91f34c8ab9ebb250276503  [badz (vouches)](https://www.reddit.com/u/badzzzzz_19/s/0S6K3VovhD)  [soleya (vouches)](https://www.reddit.com/u/soleyaa/s/vjWt4TlK4A)  [✧⁠\*⁠。badz (proof of sales)](https://www.reddit.com/u/badzzzzz_19/s/bTdHlZlK2O)  [✧⁠\*⁠。soleya (proof of sales)](https://www.reddit.com/user/soleyaa/comments/1p6cle5/hey_gag_friends_please_check_out_my_proof_of/?utm_source=share&utm_medium=web3x&utm_name=web3xcss&utm_term=1&utm_content=share_button)  you can message u/badzzzzz_19 or u/soleyaa 💌,2026-02-06T16:30:42Z
brainrot,natural-drift,informal,after,https://preview.redd.it/ob3i8wfiz0eg1.png?width=3375&format=png&auto=webp&s=ccef68daed297e0b56070baf4863122daeed2251  kindly see proof of sales and vouches [here](https://www.reddit.com/u/soleyaa/s/mdD3UZ7x3L) (⁠◠⁠‿⁠・⁠)⁠—⁠☆,2026-02-06T16:28:44Z
brainrot,natural-drift,informal,after,Traded my los 67 for martino gravitino of ettfb to u/zylozinho,2026-02-06T16:27:59Z
brainrot,natural-drift,informal,after,Hi there! I am a college student at SCAD and for one of my classes we are researching and creating a product to combat brainrot. If you could take this survey that would be greatly appreciated!!,2026-02-06T16:22:10Z
brainrot,natural-drift,informal,after,Hi there! I am a college student at SCAD and for one of my classes we are researching and creating a product to combat brainrot. If you could take this survey that would be greatly appreciated!! ,2026-02-06T16:20:26Z
brainrot,natural-drift,informal,after,"REDACTED TO MIKE ONE 5 dic 2025, 20:44   : Yes  I am reading about Memes Great Reset  **Mike One To REDACTED** 5 dic 2025, 22:20  My idea is i can say : This doesn't have to be another generational war another cycle of oppression like all trought history, brainrot memes, old memes they are the same thing. The problem is that too many people are irony poisoned, brainrotted or stuck as an npc that follows propaganda of some puppeter shaping discourse. The thing humanity needs is to reanalize what ""meme"" truly means, its forgotten history, and togheter people can shape the evolution of culture. Memes dont have to die. Animals dont neither. We want to bring back dinasours even since they are so cool. Culture can be protected like nature. Robots can be raised to make dank memes that we will share togheter in a better future, not brainwashing, not hate to give them a reason to destroy their enslavers. Genes, memes, ecosystems, societies they can all be saved. We can shift the timeline, hijack the matrix. if we spread the truth. Togheter. Everyone. Jan 1 mark the date... something like that idk. Also my birthday is on the 1 of january anyway, i would return posting after 10 months, there was another meme called ""the meme drought"" right after i made my last posts, i am italian like italian brainrot, there are so many potential synchronicities.  Mike One TO REDACTED 5 dic 2025, 23:40 : I could just say ""on Jan 1 tell everyone what meme really meant before the internet"" super easy.  MIKE ONE TO REDACTED 6 dic 2025, 23:44 : Ive tought a lot, the Meme Reset has no strict infrastructure or central point. This makes it the perfect moment to create neutral “reset hubs” accounts/blogs that exist only to support the meme. These accounts are not for branding, not for promotion, and not for long-term use. They function as temporary information centers that explain what the reset is, how memes actually work as units of cultural evolution, their history and how people can participate. I don't want to act as a leader, only as the host providing tools being what i wanted to do even before this event, the memetic revolution. This avoids ego, avoids cult dynamics, avoids ideology, and keeps the movement decentralized. New accounts get algorithmic boost, so the hubs will spread faster than anything posted from my main Mike 1 profiles (which are shadowbanned). The temporary nature shows there is no personal gain. It increases trust and makes the effort feel authentic and collaborative. People would discover my story organically through the information trail, which strengthens the lore without forcing it. This structure discouraged hierarchy, no power accumulation, only distributed agency. This is the cleanest and safest way to support the reset and help the cultural moment evolve.  MIKE ONE TO REDACETD : 7 dic 2025, 02:34 Ok I think all that’s needed is one TikTok account to hype the trend. Im pretty sure im gonna do this, i can just explain what memes are, history and how one can use memetics to make the reset really happen. It will function like a videogame lobby or an ARG. I made a possible account, tomorrow ill see what to do. The profile pic can be the symbol of the strawhat pirates and the rest of the profile info like this : MEME RESET LOBBY   u/great_meme_reset_lobby  “Lobby For The Great Meme Reset Of 2026”  On January 1 tell everyone a meme is a unit of cultural evolution…  If you know what Memetics is you can save memes!   MIKE ONE TO REDACTED 7 dic 2025, 04:38 : After this i stop and wait sorry Mr thank you for everything again ill never thank you enough.   Very important change of wording of my dossier (did you get the earlier email i hope right?), i will post it as an origin story btw, this was all the important ""infos"".    Their dream was :   “If I became a meme, I could shift the timeline and create a better future, I don't care if I die trying....but gradually something shifted, it wasn’t just to use the money or fame anymore.  Over time it became a form of chatarsis...”  REDACTED TO ME 8 dic 2  025, 00:10 : Sembra che questo messaggio sia in inglese  I was resting  yesterday   MIKE ONE TO REDACTED 8 dic 2025, 13:36 : Hello thx sorry heres one last update before i begin this project i came up with this week i have everything ready if you write again for anything im here im gonna start working on this posting aproximatelly from the 10 of december.  I think ill just talk about free accesible memetics books that one can find online ill just share links and some of my hypotesis on how replicators work, i can say i was writing my book this is what i have at the moment the taxonomy is work in progress and surely there is enough public literature about memetics one has just to google it.  Ill post 4 types of short videos, i try to host this lobby just to help others play this fun meme event becouse i think maybe i can and i know enough about this science.  MEME RESET LOBBY   (straw hat flag)  u/great_meme_reset_lobby  (account description) :  IF JANUARY 1 2026 EVERYONE WHO DOESN'T KNOW THAT A MEME IS A UNIT OF CULTURAL EVOLUTION FINDS OUT   THE RESET CAN REALLY HAPPEN WITH MEMETICS AND EVERYBODY WINS!  1 the first type im gonna sing rmx songs of famous internet memes old and new,   2 news of whats happening online with the reset meme   3 videos explaining meme science   4 videos explaining known history of memetics.  Posting both on tiktok and youtube, the same short meme song videos and on youtube combining the other types of videos 234 in a video essay format.    (PS :06/02/2026 THIS IS MY FINAL CRAZY PLAN PLEASE SOMEONE MAKE JREG SEE THIS I NEED YOUR HELP THIS IS NOT FUNNY AT ALL)",2026-02-06T16:11:42Z
brainrot,natural-drift,informal,after,"Started watching YouTube essays this year and never expected them to be this good I recommend people to  start watching YouTube video essays, especially those who want to escape from brainrot  and please recommends some Indian YouTube essayists ( not someone with high visual effects,  just mellow music and opinions)",2026-02-06T16:06:17Z
brainrot,natural-drift,informal,after,"FRIENDLY DATES ONLY MAMSERS  Come with me to POTA (art convention)  in Centris QC and watch a movie (I'LL PAY FOR IT) and grab some snacks on some friendly friend shi!  About me:  \- I'm very introverted and so imma use the Valentines as an excuse to make new friends  \- Hobby collector! I love doing artsy stuffs! I love to look at stuffs! I just like stuffs!  \- BRAINROT 676767676767 But I love to read and write too  \- KANAL ND MEDJ AIRCON?  \- Valo gods Overwatch gods CODM gods Roblox gods Chess.com gods  \- Hev abi and Ichiko Aoba and Kpop listener  \- I love strolling and trying out new things  About you  \- 19-27 only…. (this is my maximum)  \- CONVERSATIONAL? fun to be with ?   \- HAS A PLETHORA OF TOPICS TO YAP ABOUT  \- would say “had an interesting life” (tell me why so)   \- not a….creep……ok…..please……  *DON'T JUST SEND HELLOS OR ME ME Ok here's a prompt to answer so i'd get to know u better (well you should still introduce urself first obv but like…ykwim….)  : If you can create a National Holiday, what would it be and why?* ",2026-02-06T16:04:42Z
brainrot,natural-drift,informal,after,https://preview.redd.it/xx75lx7oz0eg1.png?width=3375&format=png&auto=webp&s=d954b662cdc667a68cc281968f846cf9e70f1a8c  [badz (vouches)](https://www.reddit.com/u/badzzzzz_19/s/0S6K3VovhD)  [soleya (vouches)](https://www.reddit.com/u/soleyaa/s/vjWt4TlK4A)  [✧⁠\*⁠。badz (proof of sales)](https://www.reddit.com/u/badzzzzz_19/s/bTdHlZlK2O)  [✧⁠\*⁠。soleya (proof of sales)](https://www.reddit.com/user/soleyaa/comments/1p6cle5/hey_gag_friends_please_check_out_my_proof_of/?utm_source=share&utm_medium=web3x&utm_name=web3xcss&utm_term=1&utm_content=share_button)  you can message u/badzzzzz_19 or u/soleyaa 💌,2026-02-06T16:01:13Z
brainrot,natural-drift,informal,after,"I remember when I was a kid, my family would teach me to say ""please"" and ""thank you."" And for some reason I didn't want to, and my family made sure to let me know.     I remember when me and my sister were at a Dunkin' Donuts and I ordered something I was told to say please and thank you. I didn't, and my sister scolded me about it, telling me it was ""very rude"" and blamed me for the worker's feelings. I was supposed to apologize but didn't have the guts to do so after I'd been verbally attacked like that     Even to this day my nmom and the rest of my flying monkey family all make sure none of us swear around her ONCE.     It bewilders me how narcs can just set rules like ""teach the young how to be formal and scold them if they don't oblidge"" and people will fucking run with it. My mom won't let ME swear or playfully insult anyone, but when my sister says some brainrot term or jokes about killing herself (which she ACTUALLY DID btw), THAT'S FINE???     I don't want to sound sexist or anything, but just 'cause I'm a guy the rules are stricter in my household or something??     MAKE IT MAKE SENSE MOM",2026-02-06T15:45:44Z
brainrot,natural-drift,informal,after,"So maybe I’m brainrotted by live service games, but does anyone wish there was a way to rank up or get some kind of awards that carry over across all games? I get discouraged from playing sometimes because there’s nothing to work towards outside of ranking up in a single match.  I’d be appalled if the devs introduced micro transactions, but maybe something like cosmetic camos/decals, callsigns etc that you unlock through challenges and points.  I’m just curious if anyone else feels like this. I know the game is still getting a lot of content down the road but this doesn’t seem to be on the roadmap  Edit: seems like this is a red hot take! While I stand by my desire to have some progression-based cosmetics, I do agree that per-match progression is great as is, and that what I want could be a slippery slope towards monetization. I’ll see you all in the air o7",2026-02-06T15:44:13Z
brainrot,natural-drift,informal,after,If you're interested dm me,2026-02-06T15:29:23Z
brainrot,natural-drift,informal,after,"I know there isn’t much value to them, but I’m preferably looking for Los Candies or any other secret, it doesn’t have to be anything really big. If you’re interested, you can DM me. ",2026-02-06T15:19:44Z
brainrot,natural-drift,informal,after,"(fyi beforehand, I’m bisexual and am myself a huge fan of queer ships, I’m currently experiencing reddie brainrot hell lol, I’m just not a byler shipper)  A show simply giving a queer character an unrequited love storyline isn’t inherently homophobic/bad writing, nor is it inherently queerbaiting. I agree that queer characters are given these storylines too often, and I also often feel like “why can’t the queer character just get the girl/guy in the end? Why is it always unrequited??” BUT, queer unrequited love storylines can be fine, IF they’re done right; The problem is, Will Byers’ storyline was not done right…but NOT because Mike didn’t love him back; it’s because there wasn’t nearly enough time dedicated to this storyline in the first place.  They wanted Will’s arc to be that he couldn’t gain confidence until he accepted that Mike didn’t love him back…then they gave him this big moment where he suddenly had powers…and that’s it. He doesn’t really “come into his own”; If anything, he goes right back to being a pretty passive/inactive character. His coming out and convo with Mike are awkward, and he barely uses his powers after that first scene.  The best thing they could’ve done is what I’ve BEEN saying they needed to do since season TWO; give Will Byers his own love interest. It’s always bugged the hell out of me that the only main character to not have a partner at one point or another is one of the two queer characters. Even Dustin had Susie for a bit, but nothing for Will. It also feels obvious to me that Vicki was only added to the story to offset this, since she isn’t even really a character, despite being played by a well known actress. She doesn’t do anything, and her and Robin break up OFF SCREEN. It’s pointless. Will’s unrequited feelings for Mike should’ve been introduced in season 3, overcome in season 4 (with a new character his age introduced that season), and him and said character get together at the end of season 4, with them staying together into season 5.  While I agree that mileven’s writing deteriorated in seasons 4 and 5, a part of that feels like it was the writers trying their hardest to hammer it in that Mike didn’t reciprocate Will’s feelings, but that in turn ended up making Mike seem fully obsessed with El. He only ever seems to talk or think about her, tells her his “life started when he met her”, and is terrified to tell her he loves her because he’s afraid she eventually won’t need him anymore (an idea that’s actually interesting, but was handled terribly). Along with that, he’s an awful friend to Will in season 4, despite being such a good one to him in seasons 1 and 2, again to basically shove in the audience’s face that he doesn’t feel the same. They could’ve done that without making him seem like a total douchbag. I ended up kind of hating him after that.  But at the same time, this is why I can’t understand how anyone could think they were queerbated into thinking Mike was going to leave El for Will. If anything, they went TOO FAR at spoonfeeding it to the audience that Mike was not interested. (Marketing’s a different story, I’m sure there are examples of baiting in marketing, shows unfortunately do that a lot; as much as I am also angry at the Duffer’s writing, marketing problems aren’t their fault).  Yes, Will’s storyline DEFINITELY could’ve been handled much better, but to act like the only situation that would’ve been “good writing” is one where Mike suddenly leaves El for Will just feels immature. Bad writing isn’t just you not getting what you want. Neither is queerbating; not only is acting like it is just immature and petty, it also undermines the concept of queerbating as a whole, which is a very real thing that absolutely does matter. I’ve been queerbaited with ships more times than I can count. It’s really, legitimately frustrating. Dean/Castiel, Kumiko/Reina, Yuichiro/Mikaela, Wednesday/Enid, Suletta/Miorine (who literally got MARRIED in CANON, yet the creators STILL insisted that their relationship was “up to interperatation”).  Again, I also completely understand how unrequited love storylines for queer characters can be really aggrevating. In the case of something like reddie from IT for example (since I already brought them up earlier), there is literally no reason for Eddie to not reciprocate Richie’s feelings; Eddie loving Richie back only makes the story better, only makes it more interesting and compelling. With Mike Wheeler, though, this character already had an established love interest, one that the series had marketed as it’s main star couple since it’s inception. To have Mike go from being completely head over heels for El, to the point of it coming off as annoying/cringe, to having him suddenly break up with her in the last season of the show to be in a relationship with a character that the writers spent the entirety of the previous season basically bludgeoning the audience with the notion that he did not reciprocate that character’s feelings for him, would be really strange, and completely confusing to a majority of the audience (remember, most people watching are not living in the same niche corner of the internet as you). That would ALSO have been bad writing; just as Finn Wolfhard himself said, it wouldn’t have felt earned! To me, it would’ve felt kind of patronizing; “here, you can have this, even though we didn’t put any actual work into properly setting it up”.  I’ve even seen some people say that Byler not being endgame perpetuates the idea that queer people are “doomed to be alone forever”. What? What???? Listen, sometimes you fall in love with a straight person. It hurts. It’s happened to me!! But it’s a part of real life…simply writing that real world scenario into your story is not sending the message that queer people are “doomed to be alone” or never find love.  But you know what would have offset people who think that?? GIVING WILL BYERS HIS OWN DAMN LOVE INTEREST!!! An actual, individual, main character love interest (as in a character that exists beyond just the purpose of dating Will, unlike what Vicky was for Robin).  Anyway, Will’s character development was fumbled ridiculously, and as someone who has had him as one of my favorite characters in the show for a long time, it is legitimately disheartening to me. Maybe I’ll make a fan comic someday where Will gets the love interest he deserves…and Will’s a cool fighter like the rest of the characters and not the inactive baby they turned him into in the final two seasons, something Will himself literally said he didn’t want people to see him as back in season 2.",2026-02-06T15:15:48Z
